:020000042400D6
:10000000000002209906002495060024F92E002401
:1000100095060024950600249506002400000000A3
:100020000000000000000000000000009506002411
:100030009506002400000000950600247D2E002473
:1000400095060024950600249506002495060024B4
:1000500095060024950600249506002495060024A4
:10006000950600249506002495060024312C0024D2
:100070003D2C00245D190024492C0024552C00241B
:10008000D5E200240D2100249506002495060024C5
:100090009506002495060024950600249506002464
:1000A0009506002495060024950600249506002454
:1000B00001D700240DD7002419D7002441210024A2
:1000C000950600244D2100249506002471CF0024BC
:1000D0007DCF002409E1002435E1002469E10024FA
:1000E00095060024950600240000000095060024D3
:1000F0009506002495060024950600249506002404
:10010000950600249506002425D7002489CF0024D5
:100110009DE10024D1E100249506002495060024E9
:100120009506002495060024ADCF0024E1CF0024DD
:1001300009E3002495060024950600249506002472
:1001400000000000000000000000000000000000AF
:1001500095060024950600249506002405E2002457
:1001600059210024950600248D2E0024B12E002450
:1001700095060024D52E002495060024950600241B
:10018000950600249506002439E200246DE200243F
:1001900095CF0024A1CF00249506002495060024C5
:1001A0009506002495060024950600249506002453
:1001B0005129002495060024950600249506002464
:1001C0009506002495060024311400243D140024D3
:1001D0009506002449140024950600249506002461
:1001E0009506002495060024950600249506002413
:1001F0009506002495060024950600249506002403
:1002000095060024950600249506002495060024F2
:1002100095060024950600249506002495060024E2
:100220009506002495060024950600240000000091
:100230009506002495060024000000009506002481
:1002400095060024950600249506002495060024B2
:1002500095060024950600249506002495060024A2
:100260009506002495060024950600249506002492
:100270009506002495060024A1E200240000000059
:100280009506002495060024950600240000000031
:080290000000000095060024A7
:1002A00010B5054C237833B9044B13B10448AFF3B0
:1002B00000800123237010BD78070020000000009B
:1002C0006C47012408B5034B1BB103490348AFF346
:1002D000008008BD000000007C0700206C4701245E
:1002E000034613F8012B002AFBD1181A0138704776
:1002F00001F0FF01102A2BDB10F0070F08D010F8D7
:10030000013B013A8B422DD010F0070F42B3F6D1DA
:10031000F0B441EA012141EA014122F007047FF0F3
:1003200000070023F0E80256083C85EA010586EA4A
:10033000010685FA47F5A3FA87F586FA47F6A5FA86
:1003400087F68EB9EED1F0BC01F0FF0102F0070292
:1003500032B110F8013B013A83EA010313B1F8D13D
:100360000020704701387047002D06BF354603381E
:10037000073815F0010F07D1013015F4807F02BF57
:10038000013015F4C03F0130F0BC0138704700BFA8
:1003900053B94AB9002908BF00281CBF4FF0FF31EC
:1003A0004FF0FF3000F074B9ADF1080C6DE904CEE8
:1003B00000F006F8DDF804E0DDE9022304B0704740
:1003C0002DE9F047089D04468E46002B4DD18A4208
:1003D000944669D9B2FA82F252B101FA02F3C2F13B
:1003E000200120FA01F10CFA02FC41EA030E9440CC
:1003F0004FEA1C48210CBEFBF8F61FFA8CF708FBED
:1004000016E341EA034306FB07F199420AD91CEBC4
:10041000030306F1FF3080F01F81994240F21C81F6
:10042000023E63445B1AA4B2B3FBF8F008FB10333E
:1004300044EA034400FB07F7A7420AD91CEB040473
:1004400000F1FF3380F00A81A74240F20781644443
:10045000023840EA0640E41B00261DB1D4400023C8
:10046000C5E900433146BDE8F0878B4209D9002D2C
:1004700000F0EF800026C5E9000130463146BDE8B6
:10048000F087B3FA83F6002E4AD18B4202D3824220
:1004900000F2F980841A61EB030301209E46002DCF
:1004A000E0D0C5E9004EDDE702B9FFDEB2FA82F224
:1004B000002A40F09280A1EB0C014FEA1C471FFA82
:1004C0008CFE0126200CB1FBF7F307FB131140EA69
:1004D00001410EFB03F0884208D91CEB010103F136
:1004E000FF3802D2884200F2CB804346091AA4B2F8
:1004F000B1FBF7F007FB101144EA01440EFB00FECC
:10050000A64508D91CEB040400F1FF3102D2A64530
:1005100000F2BB800846A4EB0E0440EA03409CE7CF
:10052000C6F12007B34022FA07FC4CEA030C20FA7C
:1005300007F401FA06F31C43F9404FEA1C4900FA9C
:1005400006F3B1FBF9F8200C1FFA8CFE09FB181119
:1005500040EA014108FB0EF0884202FA06F20BD98C
:100560001CEB010108F1FF3A80F08880884240F2DC
:100570008580A8F102086144091AA4B2B1FBF9F020
:1005800009FB101144EA014100FB0EFE8E4508D91B
:100590001CEB010100F1FF346CD28E456AD90238A0
:1005A000614440EA0840A0FB0294A1EB0E01A14285
:1005B000C846A64656D353D05DB1B3EB080261EBF3
:1005C0000E0101FA07F722FA06F3F1401F43C5E9CD
:1005D000007100263146BDE8F087C2F12003D84003
:1005E0000CFA02FC21FA03F3914001434FEA1C4745
:1005F0001FFA8CFEB3FBF7F007FB10360B0C43EA37
:10060000064300FB0EF69E4204FA02F408D91CEBE6
:10061000030300F1FF382FD29E422DD902386344E4
:100620009B1B89B2B3FBF7F607FB163341EA034184
:1006300006FB0EF38B4208D91CEB010106F1FF38D3
:1006400016D28B4214D9023E6144C91A46EA0046CA
:1006500038E72E46284605E70646E3E61846F8E65C
:100660004B45A9D2B9EB020864EB0C0E0138A3E7A5
:100670004646EAE7204694E74046D1E7D0467BE786
:10068000023B614432E7304609E76444023842E7FE
:10069000704700BFFEE700BF0A480B4A904203D0F4
:1006A000121A0A4910F00EFE09480A4A904203D075
:1006B000121A002110F014FE10F0D0FD00F00EF818
:1006C000FEE700BF0000002074070020A0470124BF
:1006D000780700202C610020704700BF002502240D
:1006E00039480126294680B5A2B0062700F0FEF958
:1006F00022468DF8044007A88DF80550019900F0B6
:10070000A9FE03238DF8085022468DF809300DF11B
:100710002E00029900F09EFE8DF80C608DF80D60A1
:100720002246039910A800F095FE07238DF810507B
:1007300022468DF811300DF15200049900F08AFE26
:100740008DF814508DF815702246059919A800F0FF
:1007500081FE8DF818408DF81960224606990DF13A
:10076000760000F077FE04233A4607A9174800F008
:1007700085FE164801F090F8284600F091FD6420AF
:1007800002F02AFC124800F07DFD124C0C2010F003
:100790002EFD0560206000F033F880B1206800F085
:1007A00087F821680C48B1F90830B1F90620B1F991
:1007B000041000F067FD642002F00EFCEEE707482D
:1007C00000F060FDFEE700BF98070020B0070020A2
:1007D0003041012494070020444101243C4101247C
:1007E00004480023044A0549036043610362C3636C
:1007F00010F0F8BC9807002000000020D906002463
:100800002DE9F041294B88B004461022012700252C
:1008100026464FF47A788DF81C2003A91A889B8805
:10082000ADF81020ADF812300395CDE9055501F073
:1008300099FC06F80A7F3B46324662212046CDF8F5
:10084000008001F025FD3B46324662212046CDF86E
:10085000008001F045FDA37A132B03D0284608B091
:10086000BDE8F0814FF411633246CDF8008062217B
:1008700063812046022301F00BFD0F233246CDF8A1
:100880000080622163812046022301F001FD41F2D4
:100890001121CDF800803246618102232046622179
:1008A00001F0F6FC384608B0BDE8F081F4400124C0
:1008B00070B5024684B002264FF47A7504460123CF
:1008C0006221009502F80A6F039201F0E1FC039A9D
:1008D000334662212046009501F002FDE17AA07ABC
:1008E0000B01CA09039A43EA101303D06FEA0353BA
:1008F0006FEA13534FF47A750421A3802046A17246
:10090000012362210095039201F0C2FC039A0223A5
:1009100062212046009501F0E3FCE17AA07A0B0108
:10092000CA09039A43EA101303D06FEA03536FEA2C
:1009300013534FF47A750621E3802046A1720123F8
:1009400062210095039201F0A3FC0223039A622125
:100950002046009501F0C4FCE27AA17A1301D20985
:1009600043EA111303D06FEA03536FEA1353238151
:1009700004B070BD10B540F203338EB000244FF6C2
:100980000B7240F20341ADF8083009A80123ADF81D
:100990001020ADF824202246ADF80C1000940299E6
:1009A00007940C94CDE90544CDE90A4401F082F89E
:1009B00004A8012322460399009401F07BF809A8BA
:1009C00001F05EF910B901200EB010BD04A801F0CD
:1009D00057F9A0420CBF022020460EB010BD00BF48
:1009E0002DE9F04103239AB0012700240646CDE902
:1009F00014373B4BCDE9104340F20453CDE9164781
:100A0000ADF84830FFF7B6FFB842054625D00228BA
:100A100045D040F60132334B0DF12C081894ADF857
:100A20002C200B981997CDF84A3000F0E3F810A964
:100A300006F13C0002F014F9302003224FF07E53FF
:100A400041460D930E93CDE90B02F26B06F11400B3
:100A500000F04CFB1AB0BDE8F0811023214A06A932
:100A600006908DF828300DF12C081F4BCDF84A2048
:100A700007930294CDE91804CDE9080402A801F017
:100A800071FB0823029A03A94046ADF80C508DF87B
:100A90000E40049505930B9400F0ECF8C7E7002096
:100AA0000121104B0DF12C083A460094CDF84A3044
:100AB0004FF60B730C94ADF82C302346CDE918019A
:100AC00040F601314046ADF818100699CDE90D44C5
:100AD00000F0F0FF2146404601F0DEF8A7E700BF36
:100AE00004020404040604030704010B2DE9F04783
:100AF00004462DED028B82B000294DD0012140F239
:100B0000011200230091ADF804208DF80630364A1A
:100B10000127364B04F10409354904F129086260C4
:100B200040F20272A36040F60663E16004F1250A18
:100B3000A4F82520A4F82930278284F8277084F8A7
:100B40002B7002F0E5FB054602F048FA69460646BE
:100B500050BB4DB304F130008DF8067002F060FB1D
:100B6000072D3CD104F114052046FFF739FF284634
:100B700000F0F8FA2846B0EE408A00F0EFFAD0ED27
:100B8000007AF8EE677A88EE277A84ED0E7A02B062
:100B9000BDEC028BBDE8F08740F2011300918DF8A7
:100BA0000610ADF80430B2E704F1300002F038FB73
:100BB000072D11D04946204601F046FD0EB9002D03
:100BC000D0D1504601F072F8404601F06FF804F1C0
:100BD000120000F079F9C5E7002EF2D1C2E74946CC
:100BE000204601F031FDBDE70508050905070506AA
:100BF000050A060610B584B003460124ADF80400CA
:100C000003A8ADF80C30ADF80E4001F04FF82146C6
:100C100003A801F027F9204602F0DEF9002103A81D
:100C200001F020F9204602F0D7F9214603A801F08F
:100C300019F904B010BD00BF10B5C2F3002384B091
:100C40000C46017C8DF80D2043EA4402FA2402236D
:100C50008DF80C2003AA009401F01AFB18B10124AE
:100C6000204604B010BD04460A2002F0B5F9204623
:100C700004B010BD034670B543F8042B044684B09D
:100C800007C983E80700A37983B91A210B461E22FE
:100C9000FA2523742046ADF80C20022303AA009500
:100CA00001F0F6FA28B1012004B070BD1B210B46FB
:100CB000EDE70A2002F090F94FF4B85200950223B4
:100CC000ADF80C20204603AA217C01F0E1FA0028AF
:100CD000E9D10A2002F080F941F202720095022364
:100CE000ADF80C20204603AA217C01F0D1FA00289F
:100CF000D9D10A2002F070F9042200950223ADF840
:100D00000C20204603AA217C01F0C2FA0028CAD197
:100D10000A2002F061F9062200950223ADF80C20AA
:100D2000204603AA217C01F0B3FA0028BBD10A2097
:100D300002F052F941F2082200950223ADF80C208E
:100D4000204603AA217C01F0A3FA0028ABD10A2097
:100D5000064602F041F90095022303AA217C2046B1
:100D6000ADF80C6001F094FA00289CD1304602F0F6
:100D700033F9009522790C232046002A8DF80C3097
:100D800003AA4FF0020314BF622142218DF80D1017
:100D9000217C01F07DFA002885D1304602F01CF953
:100DA0002279D4E902310B43DBB20AB943F04003A4
:100DB00062790AB143F020030E22FA258DF80D3036
:100DC0002046009502238DF80C2003AA217C01F017
:100DD0005FFA00287FF467AF0A2002F0FDF81022C6
:100DE00000950223ADF80C20204603AA217C01F0D7
:100DF0004FFA00287FF457AF0A2002F0EDF81221D5
:100E000000950223ADF80C1003AA217C204601F0C6
:100E10003FFA00287FF447AF0A2002F0DDF80122F4
:100E200009212046FFF708FF003818BF01203BE7E3
:100E3000F0B5102387B0234C01220025012600279E
:100E400002A920460195CDE902234FF48052CDE955
:100E5000046709F021FD642003F04AF802A94FF469
:100E600080522046CDE9046702261027CDE90267AB
:100E700009F012FD0322102302A92046CDE9022326
:100E800000230422CDE904234FF4805209F004FD2D
:100E900040F23223042202A9019310232046CDE917
:100EA0000223019A012305924FF48052049309F022
:100EB000F3FC40F60601204609F00EFD284607B077
:100EC000F0BD00BFE00700201C4B00221C494FF082
:100ED000400C30B5054689B00220596007219A6060
:100EE0001A620124DA620A224FF4006EDC60069274
:100EF0002022CDE9000104200821CDE902010320D0
:100F00001021CDE9040108206946C3E904024FF429
:100F1000C072181DC3E906C24FF48052C3E909E24A
:100F200009F090FC38B92846FFF782FF003818BF57
:100F3000012009B030BD204609B030BDDC070020DB
:100F400040410052614A0021D0B513688EB00A9129
:100F5000002B40F0B9805E4B01214FF683700C24CA
:100F600011600221D3F8D4200026032742F48052D6
:100F7000C3F8D420D3F8D42002F480520092009A0F
:100F8000D3F8E02042F01002C3F8E020D3F8E020CC
:100F900002F010020192019AD3F8E02042F04002E0
:100FA000C3F8E020D3F8E02002F040020292029A57
:100FB000D3F8E02042F00802C3F8E020D3F8E020A4
:100FC00002F008020392039AD3F8E02042F4807200
:100FD000C3F8E020D3F8E02002F480720492049A6F
:100FE000D3F8E02042F08002C3F8E020D3F8E020FC
:100FF00002F080020592059AD3F8E02042F0200228
:10100000C3F8E020D3F8E02002F020020692069A0E
:10101000D3F8E02042F00402C3F8E020D3F8E03037
:101020000C9403F0040307930323079A0B93CDE971
:10103000080108A9274804F0E1FD48F2371202230D
:1010400008A925480C94CDE90823CDE90A6704F0E6
:10105000D5FD4CF20372022308A920480C94CDE977
:101060000823CDE90A6704F0C9FD40F2FF620223BC
:1010700008A91B480C94CDE90823CDE90A6704F0C0
:10108000BDFD4FF60C72022308A916480C94CDE959
:101090000823CDE90A6704F0B1FD4FF63F020223B1
:1010A00008A911480C94CDE90823CDE90A6704F09A
:1010B000A5FD2022022308A90A480C94CDE90A675D
:1010C000CDE9082304F09AFD0EB0D0BDD80700206A
:1010D000004402580010025800180258000C025830
:1010E00000200258001C02580014025830B5184C59
:1010F000154685B0046004F1080EEC460FC98EE871
:101100000F00D4ED047AF5EEC07A8CE80F00F1EE12
:1011100010FA1ADDB7EE006A94ED057A27EE277A09
:10112000C6EE276A84ED0D7AC4ED0C6A6DB12046D7
:1011300040F8185F01F08CFE064903690020064A5A
:101140002162A262E36005B030BD012005B030BD70
:101150001408002000200030000000300068083033
:10116000704700BF0068183001F074BE10B4074B20
:101170004FF07E5130240022032019619C60D8601A
:101180005DF8044B5961C3E906227047140800203A
:10119000704700BFF8B5134F3C687F2C07D98023F8
:1011A000114A42F224411C463B60A2F87E100F4DCA
:1011B0002B68012B0AD90C4E0D4D2246314628468C
:1011C00000F02CF90028F8D13860F8BD2246064915
:1011D000074800F023F90028F7D12B683860013365
:1011E0002B60F8BD50080020540800204C08002057
:1011F000D408002030B4154C2168F1B14B1E144DB9
:10120000E81810F801298C4619460A2A01D00D2A3F
:1012100002D14BB1013BF4E70CF102037F2B10D953
:101220008023236030BC70470122022323600D20FD
:101230000A236854AB5430BC704701220223044D8A
:10124000F4E70CF101026146F0E700BF500800200E
:101250005408002010B5094C02460B460848216886
:101260000844C1F1800110F02BFE2368184420606F
:10127000FFF7C0FFFFF78EFF10BD00BF5008002032
:10128000540800200FB400B583B004A951F8040B32
:101290000191FFF7DFFF03B05DF804EB04B0704786
:1012A00010B5044600210A4800F032F8002C094B22
:1012B00014BF0222002208481A60FFF7E3FF074824
:1012C000FFF7E0FF0A20BDE8104001F085BE00BF37
:1012D000D40800204C080020584101246841012412
:1012E000064A0749074808B50FF07CFF034A04493E
:1012F0000548BDE808400FF075BF00BF00000020A2
:1013000091110024D4080020D8080020704700BFA5
:10131000012910B506D0022915D051B1BDE8104001
:1013200006F076BD0A46344834490AF065FDE8B156
:10133000FEE7334B0A46334C334934481C600AF00D
:101340005BFD68B1FEE701222C492B480AF054FDF1
:1013500000B1FEE72E4928480AF070FDC0B1FEE753
:101360002B492A480AF06AFD60B1FEE72849224865
:101370000AF064FD00B1FEE726491F480AF0ECFCC4
:1013800008B3FEE7244921480AF0E6FCA8B1FEE7CD
:10139000204919480AF0E0FC00B1FEE716480AF0BF
:1013A00063FD024640B9164B164C174917481C609E
:1013B0000AF022FD68B1FEE7FEE714480AF054FD8A
:1013C0000028ABD0FEE70C480AF04EFD0028A5D05F
:1013D000FEE70F490D480AF031FD00B1FEE70E4966
:1013E0000A480AF0B9FC00B1FEE708480AF03CFDE3
:1013F000002893D0FEE700BF780B00209800002063
:10140000140E00200D1300247C000020DC080020B6
:10141000000100205C0000204C000020084691B232
:1014200008B502F061F8003818BF012008BD00BF00
:10143000014805F0CBBF00BF10390020014805F07E
:10144000C5BF00BF10390020014805F0BFBF00BF75
:101450001039002000B583B04FF0000E4FF0030CA0
:101460004274ADF80410BDF8043080F810E0A0F824
:1014700002C0038003B05DF804FB00BF2DE9F04F0C
:10148000DFF81C8300258DB0C04C037008F14003C9
:101490004260074601920E46202229464046C4F883
:1014A0006831C4F86481CDE90255CDE90455CDE930
:1014B0000655CDE90855CDE90A550FF011FF202258
:1014C000294604F5A170C4F83151C4F83551C4F867
:1014D0003951C4F83D510FF003FF019B84F8485285
:1014E00084F830317A68002A6AD02B4604F5987166
:1014F000454606F1100A9E46F01856F803B0E21869
:101500000EF1010ED0F80CC0D0F80490D0F808808D
:1015100044F803B0C2F80CC04FF0000CC2F80490BD
:10152000C2F80880008A25F802CB10821AF803203E
:1015300001F8012F002A70D07A684FF001001233B1
:10154000724584F84802D7D84FF4802290489DF81D
:10155000043008214FF000084FF00009C4F884312E
:101560000023C4E95B020122C4F8743184F880319D
:10157000C4E95E2194F84812C4E96489A9B3C4F8A7
:101580009821002284F8813184F888313B78C4E9BD
:101590006722002B38D0012200200121013B84F872
:1015A000A421C4E96C01082B30D8DFE813F0BD009A
:1015B000C200C700CC00D100D600DB00E100E8008B
:1015C0009DF804300121C4F87421C4F884314FF42B
:1015D000802384F880216E4AC4E95B23082300221B
:1015E000C4E95E130023C4E964230123002284F8C4
:1015F0008131002384F888310323C4F898313B7883
:10160000C4E96722002BC6D184F8A431614803F0F5
:10161000A7F8034638B1FFBEFEE77A681233724579
:101620003FF66AAF90E702A95A48029303F0F6F931
:101630008246002876D1042240F2FF710A90CDE95B
:10164000081294F83021002A00F0F3804FF00608C9
:101650000AEBCA034FEACA0904EB43035B7C072B7E
:1016600007D8DFE803F0595C5653504D4A0407236E
:1016700007930FFA8AF6D14406EBC60604EB490934
:1016800004EB46077500384600F010FB99F810305F
:10169000042B00F3AA80022B00F3BD8000F0B98078
:1016A00004EB0A03002283F8202114F81630002BE3
:1016B00078D0022B00F08A80012B40F0B2807B783A
:1016C000012B00F0B080002B334B18BF002305A97D
:1016D0003048CDE9053802F06FFC002840F0AC80BE
:1016E0000AF1010A94F830315FFA8AFA534540F260
:1016F000A0802A4B53F82A80AAE706230793B8E76D
:1017000005230793B5E704230793B2E70323079361
:10171000AFE702230793ACE700230793A9E7012370
:101720000793A6E7FFBEFEE703224023C4E96A232E
:101730006CE707226023C4E96A2367E70F2280234E
:10174000C4E96A2362E71F22A023C4E96A235DE794
:101750003F22C023C4E96A2358E77F22E023C4E97B
:101760006A2353E7FF224FF48073C4E96A234DE7ED
:1017700040F2FF124FF49073C4E96A2346E740F247
:10178000FF324FF4A073C4E96A233FE7200E002024
:10179000002002408C0F00200002B0257841012477
:1017A000004000307B78062B37D0072B3DD0022B32
:1017B0004AD0032B4AD0002B4CD0012B48D0042B0D
:1017C0004AD0052B254B18BF002380E77B78042BDC
:1017D00025D0052B2BD08BB3012B31D0022B31D050
:1017E000032B1F4B18BF002371E70323043504EBC1
:1017F0000A0B4FF0000925448BF82031284609F1E7
:10180000010900F053FA9BF8203104354B45F5DC13
:101810004BE70123EAE70223E8E7124B57E7124BB5
:1018200055E7002353E7114B51E7114B4FE7114B9D
:101830004DE70DB0BDE8F08FFFBEFEE70E4B46E76B
:101840000E4B44E70E4B42E70E4B40E70E4B3EE794
:101850000E4B3CE70E4B3AE70E4B38E70000B84F13
:10186000002090360800900C1000C0102000F014EA
:101870008000501D000180210004002A0008302E45
:10188000001060320040C03A0080F03E0000524735
:10189000000021430000844B38B5094C40F2FF7230
:1018A0004FF0011104F5B675284603F065F894F879
:1018B0003021D4F864112846BDE8384002F0D0BD8C
:1018C000200E0020214B02689A4200D07047204A27
:1018D00000232048D2F8D81030B51F4C41F0200129
:1018E00083B0C4F8D001092004F5E875C4E9750394
:1018F0004FF48060C2F8D810D2F8D8204FF40061BD
:10190000C4E9773094F8480202F02002C4F8E411E8
:101910004FF40051984201922846C4F8E811C4E9F6
:101920007C33019B14BF00234FF48073C4F8EC3167
:1019300003F09AFA08B1FFBEFEE704F5B673C4F8E7
:10194000B851C4F8083203B030BD00BF00200240D7
:101950000044025840000240200E0020014803F0DD
:10196000FBBD00BFF00F002002682DE9F84F4B4B84
:101970009A4201D0BDE8F88F494D95F84832002BC6
:10198000F8D095F83031002B77D0002405F10C0900
:1019900005F5A17605F59877A04613E003F001015F
:1019A00017F811BCA9F1080000F05CFABBF1010FB7
:1019B00025D895F83031013409F112090236A2B266
:1019C00093422BD917F8012F002AF4D0D5F86431AF
:1019D0000021327833F81400D5F8683103EB041392
:1019E00023F81200338801339BB233805FFA83FA05
:1019F0003A789A42D2D88A46A6F80080D0E7CAF34D
:101A00004001A9F1040000F02DFABBF1020FCAF366
:101A10008001CED0484600F025FACAE7002395F8A9
:101A20004802204909229842C5F8D8314FF4806015
:101A3000C5F8D011C5F8D4214FF400614FF400521D
:101A4000C5F8DC3108BF4FF48073C5F8E821C5E95B
:101A5000780100221448C5E97B32C5F8F42103F06F
:101A600003FA08B1FFBEFEE795F83021D5F86411FE
:101A70000E48BDE8F84F02F0F3BC0A4909224FF4C2
:101A80008060C5F8D831C5E974124FF400614FF495
:101A90000052C5E97730C5E97912DAE70020024043
:101AA000200E002040000240F00F00208C0F00208C
:101AB000704700BF10B592B0ADF804100180C9B2F4
:101AC000149C0B29C460C0E901233FD090F801C0E9
:101AD000BCF10F0F3AD8022A3FD0032A02D0012AC4
:101AE00000D000220E92012B02D0022B18BF00233F
:101AF000022C0F932CD0032C2AD0012C28D00023A9
:101B00000A29109327D85C4A02EB812202610A2934
:101B100014D8DFE801F0A39587796B5D4F41332539
:101B20000600564BD3F8E01041F48061C3F8E01092
:101B3000D3F8E03003F480630C930C9B01230DA9D0
:101B4000104603FA0CF30D9304F058F812B010BDD0
:101B50000A291094D7D90022D8E711220E92C2E7A1
:101B6000464BD3F8E01041F40071C3F8E010D3F80D
:101B7000E03003F400730B930B9BDFE73F4BD3F88C
:101B8000E01041F48071C3F8E010D3F8E03003F4C2
:101B900080730A930A9BD1E7384BD3F8E01041F0E9
:101BA0008001C3F8E010D3F8E03003F0800309931C
:101BB000099BC3E7314BD3F8E01041F04001C3F873
:101BC000E010D3F8E03003F040030893089BB5E73A
:101BD0002A4BD3F8E01041F02001C3F8E010D3F80D
:101BE000E03003F020030793079BA7E7234BD3F8CC
:101BF000E01041F01001C3F8E010D3F8E03003F03A
:101C000010030693069B99E71C4BD3F8E01041F0B4
:101C10000801C3F8E010D3F8E03003F0080305939F
:101C2000059B8BE7154BD3F8E01041F00401C3F896
:101C3000E010D3F8E03003F004030493049B7DE745
:101C40000E4BD3F8E01041F00201C3F8E010D3F8D6
:101C5000E03003F002030393039B6FE7074BD3F8D5
:101C6000E01041F00101C3F8E010D3F8E03003F0D8
:101C700001030293029B61E70000025800440258EE
:101C800008B5012143780069994089B204F0BEF992
:101C9000003818BF012008BD01230A4641780069B9
:101CA00003FA01F189B204F0B7B900BF8378022BBF
:101CB00030B504468FB037D0032B33D0012B31D051
:101CC00000230A93E378012B2AD0022B28D000238B
:101CD0000B93002320460C9301F0E8FF05462046B5
:101CE00001F0ECFF23780990082B13D8DFE803F00C
:101CF0001F3245586B7E91A40500594BD3F8E02064
:101D000042F48072C3F8E020D3F8E03003F480732B
:101D10000893089B09A9284603F070FF0FB030BD57
:101D20000B93D6E70A93CDE711230A93CAE74C4BEE
:101D300009A92846D3F8E02042F00102C3F8E020C8
:101D4000D3F8E03003F001030093009B03F056FF4B
:101D50000FB030BD424B09A92846D3F8E02042F02D
:101D60000202C3F8E020D3F8E03003F0020301934D
:101D7000019B03F043FF0FB030BD394B09A9284642
:101D8000D3F8E02042F00402C3F8E020D3F8E030BA
:101D900003F004030293029B03F030FF0FB030BD49
:101DA0002F4B09A92846D3F8E02042F00802C3F8D7
:101DB000E020D3F8E03003F008030393039B03F023
:101DC0001DFF0FB030BD264B09A92846D3F8E020EF
:101DD00042F01002C3F8E020D3F8E03003F0100323
:101DE0000493049B03F00AFF0FB030BD1C4B09A9FC
:101DF0002846D3F8E02042F02002C3F8E020D3F8D0
:101E0000E03003F020030593059B03F0F7FE0FB0CD
:101E100030BD134B09A92846D3F8E02042F0400218
:101E2000C3F8E020D3F8E03003F040030693069BAC
:101E300003F0E4FE0FB030BD094B09A92846D3F8E2
:101E4000E02042F08002C3F8E020D3F8E03003F055
:101E500080030793079B03F0D1FE0FB030BD00BF96
:101E60000044025870B506460D4601F01FFF0446B7
:101E7000304601F023FF2A1E0146204618BF0122EA
:101E8000BDE8704004F0C8B80023122270B586B0D7
:101E9000CDE9022304930368032B01D8042305939F
:101EA000061D841D304601F001FF0546304601F055
:101EB00005FF034601A92846019303F09FFE204633
:101EC00001F0F4FE034620461C4601F0F7FE01A98E
:101ED00003462046019303F091FE06B070BD00BF9B
:101EE000634A0368934210B58CB028D0614A93428C
:101EF00058D0614A934200F09480604A934201D0E6
:101F00000CB010BD5E4C5F48D4F8E03043F00203E3
:101F1000C4F8E030D4F8E03003F002030A930A9BDF
:101F2000FFF7B2FFD4F8F43043F08003C4F8F43084
:101F3000D4F8F43003F080030B930B9BE0E7504C94
:101F40005148D4F8E03043F00203C4F8E030D4F84C
:101F5000E03003F002030193019BFFF795FFD4F8F3
:101F6000E83000221F2043F400131146C4F8E83083
:101F7000D4F8E83003F400130293029BD4F8D8306D
:101F800043F00103C4F8D830D4F8D83003F001038B
:101F90000393039B02F0B6FD1F200CB0BDE8104078
:101FA00002F0EEBD364C3948D4F8E03043F08003FF
:101FB000C4F8E030D4F8E03003F080030493049BCD
:101FC000D4F8E03043F00203C4F8E030D4F8E03055
:101FD00003F002030593059BFFF756FFD4F8E830A2
:101FE0000022212043F480031146C4F8E830D4F8DD
:101FF000E83003F480030693069BD4F8D83043F00E
:102000000103C4F8D830D4F8D83003F001030793A3
:10201000079B02F077FD21200CB0BDE8104002F0D4
:10202000AFBD1B48FFF730FF154B00224820D3F807
:10203000E840114644F40004C3F8E840D3F8E8400F
:1020400004F400040894089CD3F8D84044F0010438
:10205000C3F8D840D3F8D83003F001030993099BA3
:1020600002F050FD48200CB0BDE8104002F088BDE1
:102070000054004000580040005C0040001C005824
:1020800000440258F812002070100020481100206F
:10209000201200202DE9F0431A4B87B000254FF0A5
:1020A00010099E46EC46184BFF22E04667461A7020
:1020B0000EF118060EF13004CDE90055CDE90255B8
:1020C000ADF80090BCE80F00CDE90455AEE80F0074
:1020D0009CE803000095ADF800908EE80300B8E896
:1020E0000F000FC69CE803000095ADF8009086E84D
:1020F00003000FCF0FC49CE8030084E8030007B07F
:10210000BDE8F083040000206C10002010B5EFF350
:10211000108472B6084B1A78120602D504B962B65A
:1021200010BD1B78D82205485BB202FB03001430B7
:1021300003F012FAF2E700BF6C10002070100020CC
:10214000014805F029B800BFFC100020014805F047
:1021500023B800BFD4110020014805F01DB800BF0E
:10216000AC1200202DE9F0430F68D8243F4D85B014
:1021700007FB04F4032F05EB0403036040DCCB688A
:102180000E46012B3CD84DD04FF0D808B646DFF8AC
:10219000FC9008FB0758BEE80F00C446ACE80F00EF
:1021A000DEF800300DF1100ECCF80030D8F808C081
:1021B00099E80F000EE90F000EEB8703BCF1010F49
:1021C00053F8103CC8F88C3031D0BCF1020F42D02B
:1021D000BCF1000F35D0317C8C34D8230022012093
:1021E0002C4403FB07534900C3E92602C3F89410AB
:1021F0002046C3E92822C3E92A2204F017FC18B1BB
:10220000012005B0BDE8F0830146204604F0D0FF70
:102210000028F5D10146204604F0F4FF003818BF2D
:102220000120EEE70B7C103B672BADD9E8E701F00E
:102230006DF80F4B98420CBF0E4B0F4BC8F8903007
:10224000C9E701F063F80A4B98420CBF0B4B0C4BEB
:10225000C8F89030BFE701F059F8054B98420CBF21
:10226000084B094BC8F89030B5E700BF701000204C
:10227000000E27072D0FB0303211D0205F43906041
:102280008A62E030200BA0101A098010FC40012463
:102290002DE9F041D0F8008082B00D4617461E4669
:1022A00008F18C04204604F07FFF2028FAD1D8F8EA
:1022B0000C3073B96D002046089C33463A46A9B2EB
:1022C000009404F009FC003818BF012002B0BDE8FA
:1022D000F081089B32463946204604F0A7FDF2E71C
:1022E0002DE9F041D0F8008082B00D4617461E4619
:1022F00008F18C04204604F057FF2028FAD1D8F8C2
:102300000C3073B96D002046089C33463A46A9B29A
:10231000009404F0B5FC003818BF012002B0BDE8FD
:10232000F081089B32463946204604F063FEF2E70E
:10233000044B10221A7483F8E82083F8C02183F834
:10234000982270477010002030B5002395B04FF4EC
:102350008071062204460B9306921393CDE90C1369
:10236000CDE90E33CDE9113300F0D2FF07282BD091
:1023700004F1100541F2883206A9284605F094FEC2
:1023800028B10123184684F85C3015B030BD022214
:10239000022306A92846CDE9002310220123CDE916
:1023A000022300224FF48003CDE9042305224FF0DD
:1023B000807306926A460F9341F2883305F0E0FF7E
:1023C0000028DED115B030BD0323012084F85C3035
:1023D00015B030BD0000000070B50023A4B04FF070
:1023E00080724FF480750446ADF806300D93CDE948
:1023F00010320122CDE90E53CDE91223CDE9143379
:10240000002943D0F02300F1100508AEADF80630E6
:10241000C02341F2883231462846089305F044FE35
:1024200028B10123184684F85C3024B070BD41F215
:1024300088320DF10601284605F0A0FE034600286B
:10244000EFD105224FF480711E93284616924FF06B
:1024500080721B9321931F9202AA9FED1F7BCDE9EF
:102460001C13CDE922338DED027B9FED1D7B41F2E4
:10247000883316A98DED047B9FED1B7B8DED067BCC
:1024800005F07EFF0028CCD124B070BD00F110050E
:1024900008AE612341F2883231462846089305F0A0
:1024A00003FE0028BDD141F288320DF10601284615
:1024B00005F0E2FE0028B4D1BDF80630204623F036
:1024C000780343F04003ADF80630FFF73DFF0028E6
:1024D0009ED0A6E7AFF300800000000001000000DE
:1024E000100000000100000000000000000040009B
:1024F0002DE9F04F00234FF4807501264FF08078CE
:1025000004462DED028BABB08DF807301393219369
:10251000299314950E96CDF85C80CDE91533CDE95D
:102520001863CDE91A33CDE92253CDE92433CDE93F
:10253000273306231C9300F0EBFE072808D004F194
:10254000100741F288321CA9384605F0ADFD40B1B4
:102550000123184684F85C302BB0BDEC028BBDE83B
:10256000F08F4FF0020A4FF0020B4FF0050941F2D5
:10257000883308AA1CA93846CDF89480CDF870900D
:102580009FED2D8BCDE908AB4FF0000A4FF4800B87
:102590008DED0A8BCDE90CAB05F0F2FE0028D7D10A
:1025A00041F2883238460EA905F07EFD0028CFD1D1
:1025B000402341F288320DF1070138468DF807308B
:1025C00005F0DCFD0028C3D141F288330EA902AA30
:1025D0003846CDF83890CDF85C809FED197B8DEDB5
:1025E000048BCDE906AB8DED027B05F0C9FE0346F9
:1025F0000028ADD1CDF870904FF00109CDF894804E
:102600004FF00008219308AA29931CA93846229567
:10261000CDE92333CDE9273341F288338DED0A8BA1
:10262000CDE90CABCDE9088905F0AAFE002893D0CE
:10263000304684F85C608FE7100000000100000065
:1026400040000000400000002DE9F043624CA3B0C0
:102650000D46046000F05CFE072800F0A9802868A1
:1026600023466968AA6807C31E46AB8926F8043B5F
:102670003046257B677B05F0F9FCE0B9574B012D0F
:102680004FF00108E061236114BF4FF480134FF451
:102690000003C4E9058893FAA3F3B3FA83F34FF474
:1026A0008079013BC4F82490C4E90B0030462362D2
:1026B00005F070FC38B10122134684F85C201846FE
:1026C00023B0BDE8F08366230B90139041F288326B
:1026D00006A90693CDE90C90CDE90E00CDE91100D5
:1026E000304605F0E1FC0028E5D1992341F288321B
:1026F00006A93046069305F0D7FC0028DBD1052358
:102700001C9019906A4614934FF08073219014A97D
:102710001D9341F288339FED2A7BCDE91A90CDE9D4
:102720001F008DED007B9FED287B30468DED027BF9
:102730009FED277B8DED047B05F022FE0028BAD1AA
:1027400029462046FFF748FE0028B4D12046FFF76F
:10275000CFFE03460028AED1002FB0D118933046EB
:102760000027002606AA14A9CDF86890CDE91F33EA
:10277000EB2314934FF440631B934FF400531793D0
:102780004FF440431C93A0231693062319934FF054
:10279000805321934FF04073CDE906671D9305F0F8
:1027A00067FE034600288AD0434684F85C8086E7AB
:1027B00001230322184684F85C2023B0BDE8F0838F
:1027C00000000000010000001000000001000000F7
:1027D0000000000000004000D01300200050005214
:1027E0002DE9F04F8FB0414B0024026800AF9A42B0
:1027F0007C63C7E90944C7E90B4403D03C37BD46B5
:10280000BDE8F08F3A4B40F609213A48EB46D3F841
:10281000D42007F11C0607F1220A4FF0020942F406
:1028200080424FF00308C3F8D420D3F8D42002F438
:102830008042BA60BA68D3F8E02042F04002C3F8A0
:10284000E020D3F8E02002F04002FA60FA68D3F802
:10285000E02042F02002C3F8E020D3F8E02002F0AC
:1028600020023A613A69D3F8E02042F01002C3F83E
:10287000E020D3F8E02002F010027A617A69D3F800
:10288000E02042F00202C3F8E020D3F8E030F86123
:1028900003F002033984BB61174B7B60BB697B6823
:1028A00053F8040F7B6001F001FA7B680546186855
:1028B00001F004FA16F8013B786207F1240128467A
:1028C000C7F830807B63C7E90A9403F097F956454F
:1028D000E5D100225C20114602F014F95C2002F0E0
:1028E0004FF93C37DD46BD46BDE8F08F0050005241
:1028F000004402580A0A09092C140020114B0268EE
:102900009A4200D07047104A70B5D2F8D4300F4CBC
:1029100023F4804304F11806C2F8D43054F8040FAD
:1029200001F0C4F90546206801F0C8F901462846BF
:1029300003F0A4FAB442F1D15C20BDE8704002F08B
:102940002DB900BF00500052004402582C14002042
:10295000014805F019BE00BFE0130020084B1A1D06
:10296000981D03F1080110B49C1C9A6603F10A0239
:10297000C3E91834C3E91B015DF8044B5A6770477B
:10298000D013002038B5036871B9026A00F1280538
:1029900000F5AC74012A0CBF002140218BBB1D4BFC
:1029A0005722C0F858310DE0426A00F1C00500F529
:1029B000E874012A0CBF00214021EBB1164B5A22CA
:1029C000C0F8D03100232046C4E901214FF48052E1
:1029D0004FF48061636262614FF48042C4E9033165
:1029E0004FF48073C4E906234FF40033236202F0EE
:1029F0003BFA58B1FFBEFEE7084B5822C0F8D03171
:102A0000E0E7074B5922C0F85831DBE7C5E920441D
:102A1000A56338BD1000024070000240280002404B
:102A2000580002402DE9F043821D05468BB0031D7E
:102A300005F10A010830CDE9052305F10C02AB6967
:102A4000CDE907010992002B3DD0EB69B3FA83F879
:102A50004FEA58180123022205AE0AAF4FF00609CB
:102A60000393CDE9012356F8044B2B792278934246
:102A700016D02B68F3B1012B02D1F2B10A230493D3
:102A8000204601F01BF903462046009301F00EF9A1
:102A9000694603F0B3F8BE42E5D10BB0BDE8F08360
:102AA000697963789942E4D1B8F1000FF3D02B68CB
:102AB000002BE0D1CDF81090E2E76378022B14BF31
:102AC0000A230823DBE74FF00108C3E7534A0368F2
:102AD000934230B505468BB055D02032934252D048
:102AE0004F4A934204D02032934201D00BB030BD04
:102AF0004C4C4D48D4F8E03043F00103C4F8E030CA
:102B0000D4F8E03003F001030593059BD4F8E030DE
:102B100043F00803C4F8E030D4F8E03003F00803D1
:102B20000693069BD4F8E03043F04003C4F8E0304D
:102B3000D4F8E03003F040030793079BD4F8F0305B
:102B400043F40003C4F8F030D4F8F03003F4000389
:102B50000893089BFFF766FFD4F8D830296843F044
:102B600001032F4A3048C4F8D830891AD4F8D83035
:102B700018BF012103F001030993099B0BB0BDE8C5
:102B80003040FFF7FFBE274C2848D4F8E03043F030
:102B90000103C4F8E030D4F8E03003F001030093FF
:102BA000009BD4F8E03043F01003C4F8E030D4F8D0
:102BB000E03003F010030193019BD4F8E03043F0C0
:102BC0004003C4F8E030D4F8E03003F0400302934F
:102BD000029BD4F8F03043F48003C4F8F030D4F80A
:102BE000F03003F480030393039BFFF71BFFD4F83B
:102BF000D830296843F00103084A0C48C4F8D8309B
:102C0000891AD4F8D83018BF012103F001030493C6
:102C1000049B0BB0BDE83040FFF7B4BE0458014040
:102C2000045C014000440258A4160020481400200F
:102C3000014802F091BC00BFA0150020014802F03D
:102C40008BBC00BF18160020014802F085BC00BFF5
:102C5000FC170020014802F07FBC00BF7418002060
:102C60002DE9F04F0C684FF41776754F87B004FBD1
:102C700006F6012C07EB060AC0F800A000F3A080BE
:102C80000D468E464FF00008D44669A3D3E90023D1
:102C900069A1D1E90001CDE9022306ABCAF850824F
:102CA00003EB8403CDE9040153F810BC53F8083C4E
:102CB000CAE992880193BEE80F00ACE80F00BEE8B5
:102CC0000F00ACE80F00019B9EE80300CAF828B093
:102CD000CAF8C0308CE803002B69042B0CD8DFE85D
:102CE00003F0737D879103004FF41773554A03FB7C
:102CF00004739A64C3F8E020AA692B6A002A43D0BF
:102D0000002B4FF4177308BF022203FB047318BF94
:102D10000322DA6201221A63EA696B6A002A40D14F
:102D2000191E4FF4177318BF012103FB0473C3E985
:102D300031126B69022B05D8434A12F80380434ACB
:102D400052F823904FF4177306F128004246494683
:102D500003FB04740023384463646363E365C4F8CD
:102D6000DC30C4F8CC30C4F8F430C4E90F33C4E923
:102D70001533C4E93533C4E93B33022307F0A6FC1D
:102D8000002849D0FFBEFEE7191E4FF4177318BF85
:102D9000012103FB0473C3E90B12EA696B6A002A81
:102DA000BED0002B4FF4177308BF022203FB04733D
:102DB00018BF0322C3F8C4200122C3F8C820B8E713
:102DC000012007B0BDE8F08F4FF417734FF4FA52AB
:102DD00003FB04739A64C3F8E0208DE74FF4177384
:102DE0004FF47A5203FB04739A64C3F8E02083E73C
:102DF0004FF417734FF4FA4203FB04739A64C3F859
:102E0000E02079E74FF417734BF6803203FB04732D
:102E10009A64C3F8E0206FE706F1C000022342463F
:102E20004946384407F052FC0028CAD0FFBEFEE7EE
:102E300004580140045C014024580140245C0140D6
:102E40004814002000770100B8410124BC4101244E
:102E50000068704703681B69042B05D8044A02EB1D
:102E6000830393ED000A70479FED020A704700BF8D
:102E7000C841012400803B47704700BF08B501F0FE
:102E800025F8BDE8084001F005BF00BF064808B5B9
:102E900003680BB103F0C4F8044803681BB1BDE834
:102EA000084004F093BA08BD20430020183D0020DC
:102EB000064808B503680BB103F0B2F8044803688C
:102EC0001BB1BDE8084004F081BA08BD20430020D2
:102ED000183D0020064808B503680BB103F0A0F8C0
:102EE000044803681BB1BDE8084004F06FBA08BD90
:102EF00020430020183D0020364BDA6A520062D58C
:102F00009A6A9A6A9A6A9B6A180600D500BE314B83
:102F10009B6A990600D500BE2E4B9B6ADA0600D547
:102F200000BE2C4B9B6A1B0700D500BE294B9B6A39
:102F3000980700D500BE274B9B6AD90700D500BE75
:102F4000244B9B6A1A0400D500BE224B9B6A9B044B
:102F500000D500BE1F4B9B6AD80400D500BE1D4B98
:102F60009B6A190500D500BE1A4B9B6A5A0500D50D
:102F700000BE184B9B6A9B0500D500BE154B9B6A93
:102F8000D80500D500BE134B9B6A990100D500BE41
:102F9000104B9B6ADA0100D500BE0E4B9B6A1B03E7
:102FA00000D500BE0B4B9B6A580300D500BE094BF1
:102FB0009B6A990300D500BE064B9B6ADA0306D4D0
:102FC00000BE00BEFEE7DB6A9B07FAD5F8E700BE4D
:102FD000F6E700BF00ED00E000F08ABF0A4B9B68F7
:102FE00003F17843B3F5003F0BD3084B986848B121
:102FF0009868012806D09868022803D09B680320AF
:1030000070470120704700BF00ED00E000008038ED
:103010002DE9F041CEB004464C2200210AA80EF062
:103020005FF92022002102A80EF05AF9BC220021EB
:103030001EA80EF055F9022004F0C4FE2368012BEF
:103040004FF0000354D0534A02250193C820D16A9F
:10305000514B21F00101D162D26A02F001020192CA
:103060009A6942F440429A619B6903F44043019398
:10307000019B494A93699B04FCD5484902240022DC
:1030800001268B6A04274FF0080823F0030323432B
:103090008B62052316900AA818934FF4803310967C
:1030A000179419941597CDF86880CDE91B22212239
:1030B000CDE91344CDE90A2305F06EFB00B1FEE72C
:1030C0003F220323294602A8CDE902230022082338
:1030D000CDE9042340224023CDE9062340234FF4C9
:1030E0008062CDE9082305F085FE0346B8B1FEE70E
:1030F000294A04250093F0209169264B41F4404170
:103100009161926902F440420092DA6A42F001024F
:10311000DA62DB6A03F001030093009BA9E7202237
:103120004FF4805125934FF440152B9280222D931C
:103130001EA83093269135914FF4807124923492D9
:103140000C223394439140F2271120921022CDF8A3
:1031500084802A971F96CDE92E34CDE93B334FF476
:103160008033CDE922463193002446930623CDE9EE
:103170003E4527934FF48063094C2C931E94CDE970
:10318000281206F093F800B1FEE704F041FE4EB0BD
:10319000BDE8F0810004005800480258004402587D
:1031A0000F130F0370B584B0012401F021FD4FF41B
:1031B00080764FF04052194B68460025ADF800402C
:1031C0000396CDE9012301F031FD19224FF0404370
:1031D00068468DF8082001938DF80F40ADF80D601A
:1031E0008DF801408DF80A5001F020FD02230B22DA
:1031F00068468DF80F508DF801304FF062538DF80E
:1032000008200193ADF80D408DF80A4001F00EFD45
:10321000042001F0FBFC04B070BD00BF0E000103F0
:1032200030B50D46044685B0D1E9000184E80300BD
:1032300000F01CFEAB79A3B30BF0E6F9FEF72AFF12
:1032400009F056FE0AF0E2FE2B798BBB6B799BB13D
:10325000BFF34F8FBFF36F8F2A4B0022C3F850226A
:10326000BFF34F8FBFF36F8F5A6942F400325A6138
:10327000BFF34F8FBFF36F8F4FF0FF320023002457
:1032800000256946204802928DF80C30CDE90045B2
:103290000AF04EFA1C480AF0B3FA09F059FA05B0E0
:1032A00030BD2046FFF7B4FE2046FFF77BFFC3E7A3
:1032B000144C0023C4F88430BFF34F8FD4F880102F
:1032C00043F6E07EC1F34E3CC1F3C9014FEA4C1C0A
:1032D0000CEA0E000B4640EA8372013BC4F8602200
:1032E0005A1CF8D1ACF1200C1CF1200FF0D1BFF327
:1032F0004F8F636943F480336361BFF34F8FBFF334
:103300006F8FA3E700ED00E00019002005F0A2BEDA
:103310001C4B9B6803F17842B2F5003F25D3B3F50F
:10332000803F20D303F16042B2F5003F1FD303F189
:103330005C42B2F5002F1CD303F17042B2F5902F1E
:1033400019D303F14842B2F5803F16D303F180420E
:10335000B2F1806F13D303F1E043B3F5000F2CBF3C
:103360000820072070470120704700207047022086
:1033700070470320704704207047052070470620DF
:10338000704700BF00ED00E003480023034A0449F2
:1033900003600DF027BF00BF0019002000000020CF
:1033A000792E0024704700BF0020704770B5044696
:1033B000074E0D463046214608F0E0FC304608F046
:1033C000FFFC044B204629461B689847002070BD2F
:1033D000DC0800200439002070B50446074E0D4675
:1033E0003046214608F0CAFC304608F0E9FC044BA0
:1033F000204629461B689847002070BD780B0020A6
:103400000839002000220949094808B508F0ACFC39
:103410000849074808F0B2FC074B1A680AB10020B7
:1034200008BD064A00201A6008BD00BF042900201C
:10343000DC0800200419002004390020A5330024F2
:1034400000220949094808B508F08EFC08490748D8
:1034500008F094FC074B1A680AB1002008BD064A20
:1034600000201A6008BD00BF04310020780B002046
:103470000421002008390020A533002420280AD088
:10348000212806D1094B18689A889B7908608A80A0
:103490008B7100207047054B0868B1F804C08A7929
:1034A00018600020A3F804C09A7170476C000020D7
:1034B00020280AD0212806D1094B18689A889B79C0
:1034C00008608A808B7100207047054B0868B1F84E
:1034D00004C08A7918600020A3F804C09A7170476C
:1034E000740000200020704710B5094CD4F89032C9
:1034F000D3F814320BB1012010BD0A460146204614
:1035000008F032FC2046BDE8104008F03FBC00BF88
:10351000DC0800204B4A036830B593428BB04FF073
:103520000004CDE90444CDE90644089404D0464A99
:10353000934249D00BB030BD444D4FF4C052444883
:10354000D5F8E03043F00103C5F8E030D5F8E030BD
:1035500003F0010300930223009904A9CDE9042399
:103560000A23089302F04AFB4FF40072002304A9D7
:1035700037480694CDE9042302F040FBD5F8D83053
:103580002246214643F000636220C5F8D830D5F8C2
:10359000D83003F000630193019B01F0B3FA62207D
:1035A00001F0EEFA22462146632001F0ABFA6320D7
:1035B00001F0E6FA22462146652001F0A3FA6520D3
:1035C00001F0DEFA0BB030BD204D4FF4404204A9AB
:1035D000D5F8E03043F00203C5F8E030D5F8E0302C
:1035E00003F002030293022302981A48CDE9042350
:1035F0000C23089302F002FBD5F8D830224621466E
:103600004A2043F00073C5F8D830D5F8D83003F01D
:1036100000730393039B01F075FA4A2001F0B0FA9E
:10362000224621464B2001F06DFA4B2001F0A8FA0A
:10363000224621464D2001F065FA4D2001F0A0FA06
:103640000BB030BD000008400000044000440258A8
:10365000000002580004025800F57171D0F804040B
:1036600008F01ABCC1EBC10300EB8303D0F80404DB
:10367000D3F8082208F03EBCC1EBC10300EB830382
:10368000D0F804049A6C08F073BC00BFD0F80404AE
:1036900008F012BDC16810B5044619B1022900D066
:1036A000FEE70121D4F8040408F0F0FCD4F8040487
:1036B000BDE8104008F0C2BC10B50446D0F80404C0
:1036C00008F0E8FC2268D2F8003E43F00103C2F89B
:1036D000003E236A23B1034A136943F006031361D2
:1036E00010BD00BF00ED00E0D0F8040408F0DCBC21
:1036F000D0F8040408F0F0BCD0F8040408F0EABCE8
:10370000D0F8040408F0EABCD0F8040408F0E8BCDF
:1037100070B5067804461EB1012E30D0002070BD71
:10372000304D0923304AC5F80404C0F898522846A1
:103730002E612E63C5E9002302230222EB600023E1
:10374000C5E9062300220023C5E90823012201233D
:10375000C5E90A2303F082FD00B1FEE78021284677
:1037600004F010FB31464022284604F0E1FA8022A2
:103770000121284604F0DCFA2678012ECED11B4D1B
:1037800009221B4B00216A6002222B600223C5F82C
:1037900004442846EB600023C4F898522961C5E927
:1037A000062300220023C5E90823C5E90C230122D2
:1037B0000023C5E90A2303F051FD044600B1FEE7EA
:1037C0004FF40071284604F0DDFA21468022284695
:1037D00004F0AEFA4FF4BA723146284604F0A8FA63
:1037E0009CE700BF1039002000000840183D002071
:1037F00000000440D0F8980208B503F0C5FD032886
:1038000002D8024B185C08BD022008BDDC4101242F
:103810009446D0F898021A4608B5634604F03AF97F
:10382000032802D8024B185C08BD022008BD00BF67
:10383000DC410124D0F8980208B504F069F90328A6
:1038400002D8024B185C08BD022008BDDC410124EF
:10385000D0F8980208B504F0EBF9032802D8024B1F
:10386000185C08BD022008BDDC410124D0F8980294
:1038700008B504F021FA032802D8024B185C08BDF1
:10388000022008BDDC4101240A06D0F8983206D493
:10389000C1EBC10103EB810191F8FE01704701F01A
:1038A0007F01C1EBC10103EB810191F83E0070473C
:1038B000D0F8980208B504F0D7F8032802D8024BD4
:1038C000185C08BD022008BDDC410124D0F8980234
:1038D00008B504F085F9032802D8024B185C08BD2E
:1038E000022008BDDC410124D0F8980208B504F09C
:1038F00045F9032802D8024B185C08BD022008BD18
:10390000DC410124D0F8980204F060B91223014888
:103910000B807047C8000020122301480B807047BD
:10392000B4000020042301480B807047DC00002015
:1039300010B5044C0A460448214608F051FE2046C2
:1039400010BD00BF20410020E041012410B5044C0F
:103950000A460448214608F043FE204610BD00BF39
:1039600020410020F041012410B5044C0A460448CF
:10397000214608F035FE204610BD00BF2041002042
:103980000442012410B5044C0A460448214608F0BC
:1039900027FE204610BD00BF204100201042012418
:1039A00010B5044C0A460448214608F019FE20468A
:1039B00010BD00BF20410020204201240423014803
:1039C0000B807047DC00002010B5044C0A46044808
:1039D000214608F005FE204610BD00BF2041002012
:1039E000E0410124464A4FF01A0CD2F80008D2F800
:1039F0000838A1F800C0C31801D142487047180F19
:103A0000B3F1204FD2F804184FF0000C3D4A2CBF00
:103A10003730303082F803C04FF0000C9070C3F3A1
:103A2000036082F805C04FF0000C092882F807C037
:103A30004FF0000C8CBF3730303082F809C04FF0A7
:103A4000000C1071C3F3035082F80BC04FF0000C50
:103A5000092882F80DC08CBF373030309071C3F325
:103A6000034009288CBF373030301072C3F3033065
:103A700009288CBF373030309072C3F303200928F7
:103A80008CBF373030301073C3F3031003F00F03D3
:103A900009288CBF37303030092B90734FF000006D
:103AA00094BF30333733B1F1204FD07313744FEAE2
:103AB00011734FF000002CBF3733303350740020A7
:103AC0009374C1F30363D0740020092B50754FF039
:103AD00000008CBF37333033D0751375C1F30353F7
:103AE0000848092B8CBF373330339375C1F3034338
:103AF000092B94BF30333733137600235376704746
:103B000000E0F11FE0000020464A4FF01A0CD2F806
:103B10000008D2F80838A1F800C0C31801D1424803
:103B20007047180FB3F1204FD2F804184FF0000C73
:103B30003D4A2CBF3730303082F803C04FF0000CC4
:103B40009070C3F3036082F805C04FF0000C0928A1
:103B500082F807C04FF0000C8CBF3730303082F84D
:103B600009C04FF0000C1071C3F3035082F80BC072
:103B70004FF0000C092882F80DC08CBF3730303070
:103B80009071C3F3034009288CBF37303030107276
:103B9000C3F3033009288CBF373030309072C3F341
:103BA000032009288CBF373030301073C3F3031063
:103BB00003F00F0309288CBF37303030092B907386
:103BC0004FF0000094BF30333733B1F1204FD07342
:103BD00013744FEA11734FF000002CBF37333033AA
:103BE000507400209374C1F30363D0740020092B38
:103BF00050754FF000008CBF37333033D0751375DC
:103C0000C1F303530848092B8CBF37333033937506
:103C1000C1F30343092B94BF3033373313760023AA
:103C20005376704700E0F11FE000002010B5044C0F
:103C30000A460448214608F0D3FC204610BD00BFC8
:103C4000204100201042012410B5044C0A460448CB
:103C5000214608F0C5FC204610BD00BF20410020D1
:103C600004420124D0F8C00208F02CBDD0F8C002F4
:103C700008F040BDD0F8C00208F048BD704700BF52
:103C8000D0F8C00208F02EBDD0F8C00208F02EBD5A
:103C9000D0F8D00308B502F083FD032802D8024B08
:103CA000185C08BD022008BD34420124024B027892
:103CB00053F82200704700BF58420124024B42785B
:103CC00033F81200704700BF384201248CB00A2834
:103CD00014D8DFE800F01523313F4D5B69778593F9
:103CE00006004D4BD3F8E02042F48062C3F8E02098
:103CF000D3F8E03003F480630B930B9B0CB0704758
:103D0000454BD3F8E02042F00102C3F8E020D3F89D
:103D1000E03003F001030193019BEFE73E4BD3F842
:103D2000E02042F00202C3F8E020D3F8E03003F0D4
:103D300002030293029BE1E7374BD3F8E02042F005
:103D40000402C3F8E020D3F8E03003F00403039347
:103D5000039BD3E7304BD3F8E02042F00802C3F8CE
:103D6000E020D3F8E03003F008030493049BC5E798
:103D7000294BD3F8E02042F01002C3F8E020D3F83A
:103D8000E03003F010030593059BB7E7224BD3F80F
:103D9000E02042F02002C3F8E020D3F8E03003F046
:103DA00020030693069BA9E71B4BD3F8E02042F0C3
:103DB0004002C3F8E020D3F8E03003F0400307935B
:103DC000079B9BE7144BD3F8E02042F08002C3F836
:103DD000E020D3F8E03003F080030893089B8DE7E0
:103DE0000D4BD3F8E02042F48072C3F8E020D3F802
:103DF000E03003F480730993099B7FE7064BD3F807
:103E0000E02042F40072C3F8E020D3F8E03003F47D
:103E100000730A930A9B71E700440258704700BF81
:103E20000F4B1B780BB90120704710B504464FF4B7
:103E30007A700C4AB0FBF3F31068B0FBF3F000F0BB
:103E4000C1FE0F2C00D808B1012010BD0022214670
:103E50004FF0FF3000F056FE034B00201C6010BDF9
:103E6000FA0000209C050020FC00002038B503204B
:103E7000124D00F035FE124C04F01CFF114A12499D
:103E80009369C3F30323CB5C03F01F0320FA03F30E
:103E90000E202B60926902F00F028A5C02F01F0272
:103EA000D3402360FFF7BCFF10B10124204638BD8A
:103EB0000446FFF7B3FF204638BD00BF9C05002035
:103EC000A0050020004402582C430124034A044B5F
:103ED00011681B780B441360704700BFE445002055
:103EE000FA000020014B1868704700BFE44500202D
:103EF00038B50446FFF7F6FF0546631C02D0044BB5
:103F00001B781C44FFF7EEFF431BA342FAD338BDD6
:103F1000FA000020014B1868000C70470010005C8C
:103F2000704700BF806B08B5FFF7FAFF08BD00BF00
:103F3000836B5A6D12F0500F5A6D10B51DD1196870
:103F400042F400725A650A6812F0080FCA681BD062
:103F500012F4406F0DD1CA6894040AD45A6D22F449
:103F600080725A655A6DD10403D45A6D42F0010231
:103F70005A651846FDF7F8FC10BDD2060AD4DB6C72
:103F8000BDE81040DB6C18479007E7D01846FDF7F6
:103F9000EBFCF1E71846FDF78BFD10BD806B08B513
:103FA000436D43F040034365836D43F00403836531
:103FB000FDF77EFD08BD00BFF0B5002283B0019281
:103FC00090F85020012A00F01C81034601201A6855
:103FD00083F850009468640700F18A800C68C4F389
:103FE0001305002D40F08F80C4F38464A0404D6819
:103FF0004FF01F0ED6694FEA951C30430CF00C0CA5
:10400000D06105F01F0002F1300584400EFA00FE79
:104010005CF8050020EA0E0004434CF80540906867
:1040200040076ED4956815F0080547D10C68072045
:1040300002F11406B94F4FEAD45CC4F304540CF0F7
:10404000040C00FA04FE886800FA04F45CF8060028
:1040500020EA0E0020434CF80600386800F070405B
:10406000B0F1805F00F0C580D068D668C70600F167
:10407000E880C6F382064869760000FA06F60F6902
:10408000042F00F0C18002F16004086854F827C0D2
:1040900000F0F8400CF0004C40EA0C00304344F8CB
:1040A0002700487E0E69012854F8260008BF4FF00B
:1040B000004520F00040054344F826509068C407AE
:1040C00014D4CE68086806F01807954CD2F8C05092
:1040D000FC40C0F31307044025EA07052C43C2F84F
:1040E000C040904CA64246D0002816DB002003E0DA
:1040F0005A6D42F020025A65002283F8502003B026
:10410000F0BD9068DAE794FAA4F5B5FA85F5C4F342
:10411000846405F01F05A84069E783498A4200F0DE
:10412000B68001F580718A4200F0B1807F4D804CED
:10413000A968A46801F0E076E44304F00104002CCF
:1041400000F0B4807B4CA04200F0FC807A4CA0428E
:1041500000F01A81794CA042C8D14902C6D47449F2
:104160008A42C3D1AA68002022F0E072324342F4AE
:104170008002AA60C0E7002F6AD090FAA0F4B4FAD7
:1041800084F4013404F01F04092C00F2A48090FA96
:10419000A0F4B4FA84F490FAA0F5B5FA85F50134E8
:1041A00001260135A40605F01F0504F0F84406FABF
:1041B00005F52C4390FAA0F0B0FA80F0304400F0FE
:1041C0001F0000EB400000052043C60D02F114055E
:1041D000C0F30450072406F0040604FA00F77459EB
:1041E00024EA07048F6807FA00F02043705108683A
:1041F0007AE7D6684869C6F38206760000FA06F6C2
:104200003DE7022003B0F0BD106E0C6800F0F840EE
:10421000A506B0EB846F30D0506E00F0F8408542B8
:1042200026D0906E00F0F84085422BD0D06E00F082
:10423000F84085427FF442AFD06E20F00040D06657
:104240003CE77608486906F0080600FA06F616E725
:10425000800E441C04F01F06092E2DD8A406012050
:1042600004F0F844B040044306EB46000005ABE719
:10427000506E20F000405066D3E7106E20F00040F2
:104280001066C9E7906E20F000409066CEE7264C9D
:104290002B4D04F58074A96854F8F86CA468344375
:1042A00001F0E076E44304F0010448E75A6D012090
:1042B00042F020025A651FE706EB4600A5060124DE
:1042C0001E3805F0F84504FA06F60005354340F0BF
:1042D0000070284379E790FAA0F5B5FA85F590FAD1
:1042E000A0F4B4FA84F4013501260134AD0604F0DB
:1042F0001F0405F0F84506FA04F4254390FAA0F4EB
:10430000B4FA84F4344404F01F0404EB4404A4F12C
:104310001E00000540F00070DBE700BF0010005CED
:10432000FFFF0F000000FF4700200240006302581B
:1043300000600258000084CB000052C70000B8CFD4
:104340000023024008023FF5D1AE17498A427FF4AC
:10435000CDAE164AA9681268154821F0E07192099D
:104360003143A0FB020241F400019209A96052000E
:104370000192019A002A3FF4B9AE019A013A0192E2
:10438000019A002AF9D1B1E611F080707FF4AEAE47
:1043900005498A427FF4AAAEAA6822F0E07232434D
:1043A00042F08072AA60A7E6006002589C050020D7
:1043B000632D3E0503689A68D20701D50020704737
:1043C0009968214A114270B5044608D0636D0120F6
:1043D00043F010036365A36D0343A36570BD996843
:1043E0001A4A0A4042F001029A60FFF77BFD2368F7
:1043F000174A054693421ED002F5807293421AD0A6
:10440000144A9268114E0AE09A68324042F0010262
:104410009A60FFF767FD401B0228D7D823681A6807
:10442000D2070FD49A68D107EED5FFF75BFD401B8A
:104430000228F3D9CAE7084A9268D006E2D0074AB0
:104440009342DFD1002070BD3F000080C0FFFF7F9E
:104450000020024000630258002302400021024075
:104460002DE9F0413A4D044600680F461646A84231
:1044700019D0384B984216D0374DAB688068420748
:1044800016D494F85020012A12D003F01F080122FC
:10449000B8F1090F84F850200DD90023012084F8C9
:1044A0005030BDE8F0812D4DAB6880684207E8D5FB
:1044B0000220BDE8F08140F2212323FA08F3DB4318
:1044C00013EA0205E9D12046FFF774FF002839D12D
:1044D000626D234B2168134043F480736365B8F128
:1044E000000F02D01B4B994203D0636D23F480135D
:1044F0006365636D13F4805328D0A36D23F0060326
:10450000A365E06C3346174D3A464031C563164DFE
:104510000564164DC5641C2541F8405C002584F8EF
:10452000505051F83C5C45F0100541F83C5C00F0FF
:1045300059FE22680E4B91680B4043F004039360D0
:10454000BDE8F08184F85050BDE8F081A365D8E75C
:104550000020024000210240006302580023024074
:10456000FEF0FFFF313F0024253F00249D3F002443
:10457000C0FFFF7F38B503689A68910702D59B6832
:10458000002038BD9A68D20723D59A68044602F005
:104590000D02012A08D0636D012043F0100363650A
:1045A000A36D0343A36538BD986803210A4A0240FE
:1045B00042F002029A601960FFF794FC054604E09D
:1045C000FFF790FC401B0228E5D823689B68DB07B7
:1045D000F6D4002038BD00BFC0FFFF7F38B5574A72
:1045E00004460368934226D002F58072934222D09B
:1045F000534B9B6813F4403F22D004F015FD6368D1
:104600000546B3F5003F00F08880B3F5403F70D019
:10461000B3F5803F00F08180FFF77CFC41F203039B
:1046200098422DD8474B9D425DD92268936843F448
:104630008073936038BD444B9B6813F4403FDCD1DA
:104640004FF4002005F0BCFD63680546B3F5101F6C
:104650006DD008D8B3F5E01F55D01AD9B3F5001FB7
:10466000DAD14509D8E7B3F5201F4AD0B3F5301F9A
:10467000D2D1FFF74FFC41F20303984233D92D0A00
:10468000324B9D421DD82268936823F44073936097
:1046900038BDB3F5801F06D00AD9B3F5A01F02D0EC
:1046A000B3F5C01FB8D19B0C5B00B5FBF3F5B3E7C6
:1046B000B3F5002FF7D023F40022B2F5802FF2D00B
:1046C000AAE7234B234A2B4493421ED9224B234A69
:1046D0002B449342226893682BD823F4407343F40D
:1046E0000073936038BD2268936823F480739360ED
:1046F00038BD8508FFF70EFC41F203039842BFD88E
:1047000090E7C50988E7050986E72268936823F4DE
:10471000407343F48073936038BD1B0CB5FBF3F515
:10472000FFF7F8FB41F203039842A9D87AE785091D
:1047300072E743F44073936038BD00BF002002402D
:1047400000630258002D310100230240105E5F001B
:10475000EFA1A0FF0F5E5F00DF4341FF1FBCBE0063
:1047600030B5002383B00193002800F0D080456D60
:104770000446002D00F0BA80226893689B0003D5A0
:104780009168714B0B4093609368DD0015D46F4BBB
:1047900090686F491B6801406E489B0941F0805149
:1047A000A0FB030391609B090193019B2BB1019B2B
:1047B000013B0193019B002BF9D19368D80024D4CD
:1047C000636D012543F010036365A36D2B43A3655F
:1047D000936813F0040F636D1DD1D9061BD4636D6C
:1047E00023F4817343F0020363659368DB0728D4E5
:1047F000594B9A4217D003F580739A4213D0574B06
:104800009B68D9071DD4564A15E09368002513F01C
:10481000040F636DE1D0636D012543F0100328465A
:10482000636503B030BD4C4A4E4B92689B6813439E
:10483000D80706D44C4A9368616823F47C130B4371
:104840009360FFF767FB41F20303A1689842237F5F
:1048500052D894F815C01A04206B42EA4C32024335
:104860000A43012B03D1236A013B42EA4342636AB4
:1048700023B103F47873A16A0B431A4323683B49BD
:10488000D86801400A43DA609A6812F0040F9A6807
:104890001CD112071AD4D868354A217D024042EA59
:1048A0008132E16A0A43DA6094F83820012A3AD06A
:1048B0001A6922F001021A611A692046616B22F01E
:1048C00070420A431A61FFF789FE2368E268012AF1
:1048D00021D01A6B22F00F021A63636D284623F071
:1048E000030343F00103636503B030BDFCF7EAFF47
:1048F000A56584F850503FE71029AAD1617D1A04BC
:1049000042EA4132216B0A4342F01C02A9E7012529
:10491000284603B030BD196BA26921F00F01013A9E
:104920000A431A63D9E7D4E9102118690A431149E7
:1049300001400A43A16C0A43E16B42EA014242F0A2
:1049400001021A61B8E700BFC0FFFF5F9C050020AD
:10495000C0FFFF6F632D3E0500200240006002583B
:1049600000630258002102400023024003C0F0FF10
:10497000FCBFFFFF1EF800FCF0B5002383B00193DD
:1049800090F85030012B40D0012304460E461546C6
:1049900080F85030FFF7EEFDE8B9676D05F0804212
:1049A0001B4B06F480311B4D3B401B4F43F0020371
:1049B000636523689E68354015430D4345F0004507
:1049C0009D609A68002A0FDB636D23F0030343F0B8
:1049D0000103636503E0636D43F010036365002327
:1049E00084F8503003B0F0BD019A01320192019A6F
:1049F000BA42E6D9636D0022012023F0120384F845
:104A0000502043F010036365ECE7022003B0F0BDD3
:104A1000FDEEFFFFC0FFFE3FFF955A55F0B490F842
:104A200050200E68012A49D00346294A01201C68FB
:104A300083F85000944208D05A6D002142F02002C1
:104A400083F850105A65F0BC7047224DAA6852078F
:104A50000AD5A2685A6D012042F020025A65002250
:104A600083F85020F0BC7047A06810F00400F1D12A
:104A7000C6B1DFF868C04F68DCF8082022F4404275
:104A80003A43CCF80820A468AA682243D40713D478
:104A90008A68DCF8081016430F4A0A401643CCF81F
:104AA0000860DCE70D498A6822F440428A60A06809
:104AB000AA680243D00704D50020D0E70220F0BC4A
:104AC00070478C683046044A22408A60C7E700BFBE
:104AD0000020024000210240E0F0FFFF00230240DE
:104AE00006494FF6FF0C0002054BCA6800F4E0606F
:104AF00002EA0C0210430343CB60704700ED00E074
:104B00000000FA051B4BDB68C3F3022300B5C3F1B9
:104B1000070E03F1040CBEF1040F28BF4FF0040E82
:104B2000BCF1060F1AD9033B4FF0FF3C0CFA03FC13
:104B300022EA0C024FF0FF3C00280CFA0EFC21EA9E
:104B40000C0101FA03F141EA02010ADB09010A4BF7
:104B5000C9B2034483F800135DF804FB0022134636
:104B6000E8E700F00F000901044BC9B203441976CD
:104B70005DF804FB00ED00E000E100E0FCEC00E08B
:104B8000002807DB00F01F0101234009024A8B4087
:104B900042F82030704700BF00E100E000280DDB44
:104BA0004309012200F01F000549203302FA00F0FA
:104BB00041F82300BFF34F8FBFF36F8F704700BFE3
:104BC00000E100E0431EB3F1807F0CD24FF0E02201
:104BD000002006494FF0F00C5361072381F823C0F1
:104BE0009061136170470120704700BF00ED00E045
:104BF000BFF35F8F044B00215A6A22F480325A625D
:104C0000C3F89410704700BF00ED00E0064B40F081
:104C10000100C3F894005A6A42F480325A62BFF32A
:104C20004F8FBFF36F8F704700ED00E0174A437856
:104C3000C2F89830017821B3436800B5C2F89C30BF
:104C4000C37A90F80CC01B0690F80FE043EA0C738F
:104C500090F80AC00B43817B43EACC4390F80DC027
:104C600043EA8C4390F809C043EA4143017A43EA9E
:104C70000E4343EA0C2343EA4103C2F8A0305DF837
:104C800004FBC2F89C10C2F8A010704700ED00E0D1
:104C9000704700BF08B5FFF7FBFF08BD0268344B43
:104CA000344930B4344D354CAA4218BF9A420CBF37
:104CB000012300238A4208BF43F001033031A2429E
:104CC00008BF43F0010330348A4208BF43F00103B8
:104CD0003031A24208BF43F0010330348A4208BF9A
:104CE00043F0010301F55C71A24208BF43F00103E8
:104CF00004F55C748A4208BF43F001033031A242DC
:104D000008BF43F0010330348A4208BF43F0010377
:104D10003031A24208BF43F0010330348A4208BF59
:104D200043F001033031A24208BF43F001038A423D
:104D300008BF43F0010313B9114B9A4213D1D3B208
:104D40001049114C103BA1FB03515F2B0F4BC1F3DA
:104D5000021103EA0203615C88BF0433C165836505
:104D6000184630BC704722F0FF038365F8E700BFA8
:104D7000100002404000024028000240580002405B
:104D8000B8040240ABAAAAAA8842012400FCFFFF93
:104D90000368294A294930B4294D2A4CAB4218BF2F
:104DA00093420CBF012200228B4208BF42F0010255
:104DB0002831A34208BF42F0010228348B4208BFC9
:104DC00042F001022831A34208BF42F001028B42A7
:104DD00008BF42F0010212B91B4A934213D1DBB261
:104DE0001A4C1B4A0121083B1A4DA4FB034345669C
:104DF00002EB1312C3F30413920001FA03F30266E9
:104E0000836630BC7047DAB21349144C1944103A27
:104E1000A829A4FB02234FEA131300D80833104A31
:104E200003F01F0501210F4C1A44A940446692006B
:104E300081660266E5E700BF085402583054025804
:104E40001C5402584454025894540258CDCCCCCC33
:104E50000096001680580258F0FBFDBFABAAAAAA24
:104E6000008200108008024070B50446FFF73AF84F
:104E7000002C00F0C68023680546954A934248D02E
:104E80001832934245D0303292498B4218BF934238
:104E900001F130010CBF012200228B4208BF42F019
:104EA000010218318B4208BF42F0010218318B42D7
:104EB00008BF42F0010218318B4208BF42F00102E4
:104EC00001F556718B4208BF42F0010218318B4246
:104ED00008BF42F0010218318B4208BF42F00102C4
:104EE00018318B4208BF42F0010218318B4208BFD3
:104EF00042F0010218318B4208BF42F00102183122
:104F00008B4208BF42F001021AB9734A934240F043
:104F1000F5800222002184F8352084F834101A68C4
:104F200022F001021A6005E0FEF7DCFF431B052BAF
:104F300040D823681A68D107F6D4D4E9022521693C
:104F40002A43A0691D680A4361690A43E169024373
:104F50000A4362492940256A2A430A43616A0429AF
:104F60002FD01A605A6922F0070211435961204676
:104F7000FFF794FEE26D3F2302F01F02934083602F
:104F80002046FFF705FFA368802B3CD06368A06E26
:104F9000DAB2013BD4E91851072B2A60486026D9C0
:104FA0000023C4E91B33636700200123606584F894
:104FB000353070BD202203230120626584F835302E
:104FC00070BDD4E90B5129430A431A605969A26A9A
:104FD00021F00701114341F00401002DC6D0002843
:104FE0004FD1012A6ED032F00202BFD151E0501EE3
:104FF000072810D9626FD4E91B31002018604A607D
:10500000D2E7012070BD0023A16ED4E918026360CD
:1050100003605160C4E72168314B324DA94218BF8B
:10502000994205F114050CBF01230023A94208BFD2
:1050300043F001031435A94208BF43F001031435BE
:10504000A94208BF43F001031435A94208BF43F049
:1050500001031435A94208BF43F001033BB9224BB9
:10506000994204D0214B224913449B0003E0214B79
:10507000214913449B0001228240C4E91B3162672D
:10508000BBE7B0F5005F0ED0022A05D9032A7FF4F2
:105090006DAFEA017FF56AAF0123402218466265D1
:1050A00084F8353070BD032A3FF660AF01A050F898
:1050B00022F000BF995000249350002499500024FE
:1050C000C5500024B5F1C07F7FF450AFE4E700BFC6
:1050D0001000024040000240B80402403F8010FE31
:1050E000085402581C540258945402583F8200102D
:1050F000400902403F96001640590258324A334850
:105100003349834218BF934200F128000CBF0122AB
:1051100000228B4208BF42F001022831834208BFBF
:1051200042F0010228308B4208BF42F001022831D0
:10513000834208BF42F001028B4208BF42F00102E5
:1051400012B9244A934238D102220021224D84F818
:10515000341084F835201A681540A268402A2AD0F5
:10516000802A0CBF4FF480400846266AD4E9031217
:10517000D20842EAD102616942EAD102A16942EA57
:10518000D102E16942EAD102144942EA16121944F5
:105190002A4302431248A0FB010120461A600B0972
:1051A0009B00E365FFF77AFDE26D012302F01F0229
:1051B00093404360E4E61020D7E740220323012018
:1051C000626584F8353070BD085402581C5402588A
:1051D00030540258945402580F00FEFFF8ABFDA75C
:1051E000CDCCCCCC002800F0BC80844690F83400B4
:1051F000012800F0B88001202DE9F0419CF83540ED
:105200008CF83400844208D000224FF400638CF8FC
:105210003420CCF85430BDE8F0810220DCF8005096
:105220007A4C8CF835000020794ECCF8540079483F
:10523000854218BFA54200F118000CBF01240024CC
:10524000854208BF44F001041830854208BF44F08D
:1052500001041830854208BF44F00104183085422B
:1052600008BF44F0010400F55670854208BF44F0C1
:1052700001041830854208BF44F00104183085420B
:1052800008BF44F001041830854208BF44F001040F
:105290001830854208BF44F001041830854208BF29
:1052A00044F001041830854208BF44F0010418306E
:1052B000854208BF44F00104A0F59560B54218BFCF
:1052C0008542DCF86C600CBF0120002054EA000825
:1052D000286820F001002860DCF86400DCF86840F1
:1052E000DCF85870446040D016B1DCE91C0444601E
:1052F000DCF85C004FF03F0E00F01F000EFA00F0EB
:10530000B860286820F4802028606B60DCF80830E2
:10531000402B23D0A960EA602B6823F01E0343F0E2
:1053200016032B60DCF840301BB12B6843F00803F8
:105330002B60DCF860301A68D20303D51A6842F497
:1053400080721A601EB1336843F4807333602B6837
:10535000002043F001032B60BDE8F081AA60E96002
:10536000DAE7012070470220704716B1DCE91C041F
:1053700044602948DFF8A8E0754518BF85420EF162
:10538000140E0CBF01200020754508BF40F001003D
:105390000EF1140E754508BF40F001000EF1140E19
:1053A000754508BF40F001000EF1140E754508BFA9
:1053B00040F001000EF1140E754508BF40F00100E9
:1053C00010B9164885420ED1DCF85C0000F01F0EC3
:1053D000012000FA0EF078606B60DCF80830402B9A
:1053E00010D0A960EA602B6823F00E0343F00A0393
:1053F0002B60DCF84030002B9BD02B6843F004037B
:105400002B6096E7AA60E960EDE700BF400002402C
:105410002800024058000240085402589454025890
:105420001C54025800285FD038B590F83520034648
:10543000022A55D10168444A914248D0183291421B
:1054400045D03032414C4248A14218BF914204F14C
:1054500048040CBF01220022814208BF42F0010231
:105460003030A14208BF42F001023034814208BF0F
:1054700042F0010200F55C70A14208BF42F0010257
:1054800004F55C74814208BF42F001023030A14251
:1054900008BF42F001023034814208BF42F00102ED
:1054A0003030A14208BF42F001023034814208BFCF
:1054B00042F001023030A14208BF42F001028142B5
:1054C00008BF42F0010212B9224A91420ED10422D1
:1054D000002083F835200B6823F001030B6038BDF2
:1054E000802201205A6538BD012070470A681C6E71
:1054F00022F00E02D86D9D6D0A6000F01F000A6850
:1055000022F001020A6001222168824021F48071A8
:1055100021606A60DA6ED3E91910486032B111680F
:10552000D3E91C0421F4807111604460002401213E
:105530001A6D83F8344083F835101AB11846904735
:10554000204638BD104638BD1000024040000240E1
:1055500070000240B80402402DE9F04300229C4B49
:1055600083B09C4E1D688146019203689A4A846DFF
:10557000934218BFB342276808BF0126216818BFAD
:10558000002645D018329548834218BF934200F157
:1055900018000CBF01220022834208BF42F0010222
:1055A0001830834208BF42F001021830834208BF1E
:1055B00042F001021830834208BF42F0010200F5B8
:1055C0005670834208BF42F001021830834208BF80
:1055D00042F001021830834208BF42F00102183045
:1055E000834208BF42F001021830834208BF42F0F4
:1055F00001021830834208BF42F001021830834292
:1056000008BF42F001021AB9754A934240F0508235
:10561000D9F85C10082201F01F0C02FA0CF21742B4
:1056200040F0888127FA0CF2D2070CD55A6910068F
:1056300009D5012202FA0CF2A260D9F8542042F0F6
:105640000202C9F854204FF0040E0EFA0CF0384252
:105650005BD0002E4FD1634ADFF88081434518BFED
:10566000934208F118080CBF01220022434508BFED
:1056700042F0010208F11808434508BF42F0010258
:1056800008F11808434508BF42F0010208F1180864
:10569000434508BF42F0010208F55678434508BF6C
:1056A00042F0010208F11808434508BF42F0010228
:1056B00008F11808434508BF42F0010208F1180834
:1056C000434508BF42F0010208F11808434508BFEE
:1056D00042F0010208F11808434508BF42F00102F8
:1056E00008F11808434508BF42F001021AB93C4AC4
:1056F000934240F019821A68920706D5A060D9F843
:10570000542042F00402C9F85420102202FA0CFC82
:105710001CEA070F6CD0002E45D1324A2F4EB342FF
:1057200018BF934206F118060CBF01220022B342B3
:1057300008BF42F001021836B34208BF42F001022E
:105740001836B34208BF42F001021836B34208BF10
:1057500042F0010206F55676B34208BF42F001025C
:105760001836B34208BF42F001021836B34208BFF0
:1057700042F001021836B34208BF42F00102183667
:10578000B34208BF42F001021836B34208BF42F0EC
:1057900001021836B34208BF42F001021AB9104A9A
:1057A000934240F0C9811A68100721D5C4F808C097
:1057B0001A68560300F14C811A68D20503D41A689E
:1057C00022F008021A60D9F840308BB10CE000BF1B
:1057D0009C050020100002402800024058000240B2
:1057E000B80402404000024048469847D9F85C108F
:1057F00001F01F0120268E403E4268D0D9F80020DB
:10580000A54BA64FBA4218BF9A4207F118070CBF22
:1058100001230023BA4208BF43F001031837BA42FC
:1058200008BF43F001031837BA4208BF43F0010331
:105830001837BA4208BF43F001031837BA4208BF0D
:1058400043F001031837BA4208BF43F0010307F5DC
:105850005677BA4208BF43F001031837BA4208BF6F
:1058600043F001031837BA4208BF43F00103183769
:10587000BA4208BF43F001031837BA4208BF43F0E9
:1058800001031837BA4208BF43F001031837BA4280
:1058900008BF43F001031BB9814B9A4240F062817B
:1058A0001368DB0613D5A66099F83530042B13680E
:1058B00000F0AE8013F4802F136800F0D3801C0337
:1058C00040F1DE80D9F83C300BB148469847D9F812
:1058D0005430002B00F0B980D9F85430D8071FD5C8
:1058E000D9F80020042189F83510136823F001034A
:1058F00013606C4BA3FB0535AD0A02E01368D907B2
:1059000004D5019B0133AB420193F7D9002389F8F9
:1059100034301368DB074CBF0323012389F835308B
:10592000D9F84C30002B00F09080484603B0BDE819
:10593000F0431847186840070AD5186820F004009B
:105940001860A260D9F8542042F00102C9F854202E
:1059500027FA0CF2D2077FF576AE534A53488342BA
:1059600018BF934200F130000CBF01220022834295
:1059700008BF42F001021830834208BF42F0010222
:105980001830834208BF42F001021830834208BF3A
:1059900042F0010200F55670834208BF42F0010256
:1059A0001830834208BF42F001021830834208BF1A
:1059B00042F001021830834208BF42F00102183061
:1059C000834208BF42F001021830834208BF42F010
:1059D00001021830834208BF42F0010218308342AE
:1059E00008BF42F00102002A7FF420AE002E7FF4AF
:1059F0001DAE1A68042202FA0CF23A4240F094807A
:105A0000102202FA0CFC17EA0C0F3FF4F1AE84E608
:105A100023F016031360536923F080035361D9F810
:105A200040309BB3136823F0080313603F23002525
:105A3000012203FA01F1D9F85030A16089F83450FD
:105A400089F83520002B7FF470AF03B0BDE8F083F8
:105A50001B6818037FF5B7AED9F84830002B7FF4E8
:105A6000C3AEC5E613F480737FF42CAF116821F048
:105A700010011160012289F8343089F8352021E7BE
:105A8000D9F84430002B7FF420AF20E7D9F8483014
:105A9000002BC7D1CAE700BF100002402800024017
:105AA000B8040240B5814E1B58000240400002403D
:105AB0004E4A4F4DAB4218BF934205F114050CBF3F
:105AC00001220022AB4208BF42F001021435AB4272
:105AD00008BF42F001021435AB4208BF42F0010298
:105AE0001435AB4208BF42F001021435AB4208BF87
:105AF00042F0010212B93F4A9342A6D1D9F85C5054
:105B000004261A6805F01F05AE400E4219D057074B
:105B100017D5100466604BD5D1034FD4D9F848305F
:105B2000002B7FF402AF90E71A68102202FA0CFCF7
:105B300017EA0C0F3FF45CAE1A6852077FF558AEB7
:105B400034E60226AE400E4211D097070FD56660AC
:105B5000140439D5D00343D4D9F84430002B7FF452
:105B6000E4AE72E713689F077FF5B1AE9BE60826A7
:105B7000AE400E423FF469AF11077FF566AF1A6879
:105B8000002122F00E021A600123D9F84C2003FAFA
:105B900005F56560C9F8543089F8341089F8353056
:105BA000002A3FF452AF484603B0BDE8F043104727
:105BB000920603D41A6822F004021A60D9F8403021
:105BC000002B7FF4B2AE40E712F0200208D1196832
:105BD000012421F00A01196089F8342089F8354040
:105BE000D9F83C30002B7FF4A0AE2EE708540258C1
:105BF0001C54025894540258406D70472DE9F04FE0
:105C00000D6883B0002D00F0D5800023DFF8688296
:105C100001229A4012EA050C00F0C7804E6826F077
:105C20001009B9F1020F40F0C88003F007044FEAF1
:105C3000D30E4FF00F0A4FEA840900EB8E0E0AFADA
:105C400009FADEF8204024EA0A0A0C6904FA09F489
:105C500006F0030944EA0A04CEF820404FEA430E56
:105C60000324D0F800A009FA0EF904FA0EF42AEA87
:105C7000040AE44349EA0A09C0F80090D0F808A0F1
:105C8000CF6804EA0A0A07FA0EF949EA0A09C0F8D5
:105C90000890C6F30019D0F804A009FA03F92AEA1B
:105CA000020249EA02024260C268F70004EA020402
:105CB0008A6802FA0EF242EA0402C26075D5644CA8
:105CC00023F0030E03F00309D4F8F420C6444FEA8E
:105CD000890942F00202C4F8F420D4F8F42002F05A
:105CE00002020192019A0F22DEF8084002FA09F23C
:105CF00024EA0202574CA04225D004F58064A04259
:105D00007BD0554CA0427ED0544CA0426FD0544C16
:105D1000A04200F08480534CA04200F08680524C98
:105D2000A04276D0514CA04200F08580504CA04259
:105D300000F087804F4CA0420CBF09240A2404FACB
:105D400009F942EA0902CEF808204FF0B0426FEAA2
:105D50000C0EF403D2F880204FF0B04454BF0EEA8A
:105D600002024CEA0202C4F88020B203D4F8844054
:105D70004FF0B04254BF0EEA04044CEA0404F702A8
:105D8000C2F8844014684FF0B04254BF0EEA0404D5
:105D90004CEA04041460B40252684FF0B04454BF9B
:105DA0000EEA02024CEA02026260013335FA03F2A3
:105DB0007FF42EAF03B0BDE8F08F4FEA430E03240B
:105DC000D0F800B006F0030A04FA0EF409F1FF3926
:105DD0000AFA0EFA2BEA040BB9F1010F6FEA040478
:105DE0004AEA0B0AC0F800A03FF65EAF46E703247C
:105DF00004FA09F942EA0902A5E7012404FA09F9BB
:105E000042EA09029FE7022404FA09F942EA090278
:105E100099E7062404FA09F942EA090293E70424FF
:105E200004FA09F942EA09028DE7052404FA09F99E
:105E300042EA090287E7072404FA09F942EA09025B
:105E400081E7082404FA09F942EA09027BE700BF66
:105E5000004402580000025800080258000C025882
:105E6000001002580014025800180258001C025872
:105E7000002002580024025800040058002900F0B5
:105E8000A88000232DE9F04FDFF8689183B0DFF898
:105E90006881DFF868A1DFF868B14FF0010E0EFAF3
:105EA00003F212EA010C6FD023F0030503F00304A0
:105EB0000F2640454D444FEAC404AF6806FA04F685
:105EC00007EA0607019721D0504566D0584567D0AC
:105ED000434FB8426ED0434FB84270D0424FB842A1
:105EE00063D0424FB84256D0414FB84272D0DFF82B
:105EF00014E1704568D0DFF810E1704514BF4FF031
:105F00000A0E4FF0090E0EFA04F400E00024019F7F
:105F1000A74219D1AC6824EA06064FF0B044AE603F
:105F2000D4F8805025EA0C05C4F88050D4F8845089
:105F300025EA0C05C4F88450256825EA0C0525607F
:105F4000656825EA0C05656003255C0003F007071A
:105F50000F2605FA04F40568BF00254306FA07F783
:105F60000560DD0800EB85052E6A26EA07062E622D
:105F7000856825EA04058560456825EA02024260D5
:105F8000C26822EA0404C460013331FA03F284D106
:105F900003B0BDE8F08F4FF0060E0EFA04F4B6E73A
:105FA0004FF0020E0EFA04F4B1E74FF0050E0EFAB0
:105FB00004F4ACE74FF0030E0EFA04F4A7E74FF039
:105FC000040E0EFA04F4A2E74FF0080E0EFA04F4E1
:105FD0009DE770474FF0070E0EFA04F497E700BFF5
:105FE000000C025800100258001402580018025801
:105FF000001C025800040058000002580004025817
:10600000000802580020025800240258036919426F
:1060100014BF01200020704702B909048161704754
:106020002DE9F04F056885B00446284605F0E6FAEC
:10603000012802D005B0BDE8F08F206805F08EFA87
:106040000028F7D0206805F089FA10F4001F2068B6
:1060500002D04FF40013436105F080FA10F4801F62
:10606000206802D04FF48013436105F077FA10F0F6
:10607000806F206802D04FF08063436105F06EFAB4
:1060800010F0020F20682FD105F068FA870000F1A8
:106090001381206805F062FAC60100F1CF80206804
:1060A00005F05CFA000700F1BE80206805F056FAA2
:1060B00010F0007F20681AD105F050FAC306B9D558
:1060C0002568AB6923F01003AB612E6AC6F3434128
:1060D000C6F30A17022902D1002F40F0C681AB692E
:1060E00043F01003AB61A5E702234361CCE705F061
:1060F000F3FAD4F808E080462068BEF1000F00F003
:10610000998005F5A06500264FF0280B4FF0020A94
:106110004AE000F5A0694A0109EB4117BB685B073B
:106120005DD50423BB60FB6843F00203FB60BB68E2
:10613000980500F1FD80BB68DB0740F1CF80236943
:1061400053B101EB81003B6904EBC000C3F3120CB7
:10615000836CA3EB0C03C3648B004FF0010C4FF076
:10616000000E581804EBC000C0F858E080F85DC07D
:10617000C7F808C090F83FE01EF0FD0F00F0648102
:10618000BEF1030F00F040820B4404EBC30393F80D
:10619000502082F0010283F85020D4F808E02068F3
:1061A00001362035764545D206F00F0328FA03F371
:1061B000D907F5D52B68F1B21A04AAD400F5A0626C
:1061C0004FEA411C02EB4117BB6813F004090DD0E4
:1061D0000423BB60FB6843F00203FB60E0E7BB689D
:1061E0009B0640F1B3802023BB60A0E7BB6813F09F
:1061F000200300F0CA8001EB8103202204EBC303DB
:10620000BA6093F83D20012ACAD183F83D9083F803
:106210005CA0FB6843F00203FB6005F061FAD4F870
:1062200008E02068BCE72046FDF71CFD2068082335
:1062300043613BE74FF0007343613DE72668D6F8C2
:1062400040340293D6F840340393039B23F02E038B
:106250000393029B980707D5029BD90700F163813E
:10626000039B43F002030393029B1A0718D5039B79
:1062700043F008030393029B5B0740F15C81A16933
:10628000022900F09A81E368012B03D14EF66022C7
:10629000C6F804242046FDF7F3FC2046FDF7E6FC93
:1062A0002068029B9F0603D5039B43F020030393C2
:1062B000039BC6F84034F3E6D5F84034204623F07B
:1062C0002E03C5F84034FDF7D5FC0121206805F008
:1062D000E1F920684FF000534361DBE6BB689807A3
:1062E00040F18E80FB6801EB810C23F0020304EB8C
:1062F000CC0CFB608B009CF85D00012800F0B280A4
:10630000052800F0AF80062800F0A381082800F0DF
:10631000A081032800F0DC819CF85C000246C7F8ED
:1063200008A02046FDF7AAFCD4F808E0206837E76B
:10633000FB68206843F00203FB6005F0D1F94FF4DD
:1063400000732068BB60D4F808E029E7BB681B072E
:1063500000F1BB80BB685B057FF5E9AEFB6801928D
:1063600043F002030091FB6005F0BAF90099102098
:10637000019A01EB8103B860082004EBC30383F8A2
:106380005D004FF48063BB60D1E6D7F8089019F048
:10639000400F40F0B180BB6813F4007340F02F81D0
:1063A000D7F8089019F0010F40F03F81BB6813F057
:1063B000080340F06881D7F8089019F0100F00F03A
:1063C000C98001EB810204EBC2029365032382F8CA
:1063D0005D3092F83D303BB90BFB014393F83C2014
:1063E00012B9012283F83D20FB6843F00203FB60F1
:1063F00005F076F910232068BB60D4F808E0CFE6FA
:10640000BB6813F0800340F0E380BA68D20640F125
:10641000D08001EB810004EBC00090F83F20032AFC
:1064200000F04B8112F0FD02E4D123698265002B5C
:10643000E0D10BFB0143032283F85D20FB68206859
:1064400043F00203FB60D3E7FA68206842F00202DF
:1064500001930091FA6005F043F91022DDE9001381
:10646000BA6091E68CF85C0058E706F00F0606EB80
:10647000860804EBC808D8F8441000293FF42FAE72
:10648000284605F5A0653A4604F0CAFFD8F844301E
:1064900005EB46123B441169D8F84C20C8F844304B
:1064A00073013A44C8F84C20BC4A0A405AB1EA5831
:1064B00022F0804242F00042EA5098F8503083F0D7
:1064C000010388F85030256809E6FB684FF0050C99
:1064D000019243F002030091FB6001EB810304EBA6
:1064E000C30383F85DC01023BB600823BB6005F0C5
:1064F000F7F8DDE900121AE601EB810204EBC202B3
:106500009365042382F85D30012382F83D30FB68F7
:1065100043F00203FB6005F0E3F840232068BB6012
:10652000D4F808E03CE6B369204623F00053B36199
:10653000FDF79CFB94E62046FDF7A6FBD6F8403419
:10654000206823F02E03C6F84034836943F00053DB
:106550008361A6E6BB681B0600F1C880BB685B05CB
:1065600000F1D780BB689B077FF51AAEFB680BFB79
:10657000014023F00203FB6090F85D30012B00F036
:10658000E180032B00F0DB80042B00F0D880052B8A
:1065900000F0FC80062B00F0E480082B00F0E18086
:1065A0000BFB01432046C7F808A093F85C20FDF7D9
:1065B00065FBD4F808E02068F2E5029B206803F44C
:1065C000C023B3F5802F18BF012105F063F861E601
:1065D000FB6801EB810243F0020304EBC202FB60A3
:1065E000936D01339365062382F85D30206805F0D2
:1065F00077F880232068BB60D4F808E0D0E5FB681A
:1066000043F00203FB6098E652F80970019347F0EB
:106610000057009142F80970624680F85CC020463D
:10662000FDF72CFBDDE90013AEE5FA6801EB81090B
:1066300042F0020204EBC909C9F85830FA6005F0CB
:106640004FF80123BB6089F85D30D4F808E020687A
:10665000A6E503EB010C04EBCC0CDCF85800013090
:10666000032825D8CCF8580002200B4404EBC303C0
:1066700083F85C0052F8093023F0804343F0004374
:1066800042F809304AE608230091BB60FB6843F0FA
:106690000203FB6005F024F80099052201EB81015B
:1066A00004EBC10383F85D20D4F808E0206877E5A7
:1066B0000020CCF858000420D7E7FA680BFB014013
:1066C00042F0020283652068FA6005F009F891E65D
:1066D0000BFB0143022083F85CA052F8093023F041
:1066E000804343F0004342F8093017E6FB6800910D
:1066F00043F00203FB6004F0F3FF009906230BFB59
:10670000014181F85D3080232068BB60D4F808E047
:1067100046E5FB68009143F00203FB6004F0E0FFF4
:1067200010230099BB604FF480630BFB0141BB60F9
:10673000082381F85D30D4F808E0206830E580F85F
:106740005CA02DE780F85C3090F83F30023B012BD5
:106750003FF626AF90F8513083F0010380F85130B6
:106760001EE70BFB0140836D0133032B11D88365BA
:1067700002230BFB014080F85C3052F80C3023F010
:10678000804343F0004342F80C3009E780F85C3066
:1067900006E7002383650423EBE700BF0000F81F32
:1067A00090F8B832012B0CD0012310B504460068D4
:1067B00084F8B83204F0F4FF0023184684F8B832A5
:1067C00010BD0220704700BFF8B505460E461746BB
:1067D0002B689A69520771D49C6914F0100427D071
:1067E000701C3BD19A699106FCD520221021D961F9
:1067F000DA619A69960701D500229A629A69D407EC
:1068000003D49A6942F001029A615A6800212D4C22
:106810002020224001245A606B6C85F8401043F020
:1068200004036B6485F8410085F842102046F8BDEA
:106830009A6990062BD4FDF755FBC01BB04201D8D6
:10684000002EC5D16B6C2022002101241343204669
:1068500085F840106B6485F84120F8BD9A6992066E
:10686000C3D4FDF73FFBC01B864202D30EB12B6899
:10687000B6E76B6C2021002201240B43204685F8EB
:1068800040206B6485F8411085F84220F8BD9A6974
:10689000510702D52A8D002AC8D12020094C002298
:1068A000D86159682140012459606A6485F8402004
:1068B00085F84100204685F84220F8BD0024204696
:1068C000F8BD00BF00E800FEF8B505460E461746C5
:1068D000701C2C682CD1A369990727D4A369DA0608
:1068E000F9D5A3699A06FCD520231022E261E36161
:1068F000A3699F0701D50023A362A369DE0703D420
:10690000A36943F00103A361636800221B482021AF
:106910000340012063606B6C85F8402043F0040362
:106920006B6485F8411085F84220F8BD0020F8BD61
:10693000A3699B07FAD4A369D9061BD4FDF7D2FA41
:10694000C01BB04201D8002EC2D16B6C20210022A6
:1069500001200B4385F840206B6485F8411085F8D1
:106960004220F8BDFDF7BEFAC01B8642EDD3002ED3
:10697000EBD02C68A3699B06F4D5B5E700E800FED0
:10698000F8B505460E4617462C68A3699B0649D400
:10699000A369DA0626D5731C38D1A3699E06FCD5F7
:1069A00020231022E261E361A369990701D5002346
:1069B000A362A369DA0703D4A36943F00103A361C7
:1069C00063680022184820210340012063606B6C3B
:1069D00085F8402043F004036B6485F8411085F886
:1069E0004220F8BDFDF77EFAC01BB04201D8002E50
:1069F000CAD16B6C2021002201200B4385F8402076
:106A00006B6485F8411085F84220F8BDA3699806AB
:106A1000C6D4FDF767FAC01B8642EAD3002EE8D041
:106A20002C68B8E70020F8BD00E800FE00284ED032
:106A300010B590F84130044603F0FF02002B41D01E
:106A400023682421626884F84110196822F070627A
:106A5000E06821F00101012819601A619A6822F4A6
:106A600000429A60A26829D042F4044202289A6047
:106A700002D14FF400625A6058684FF0200C15495B
:106A8000226901435960D96821F40041D960D4E9F1
:106A90000501024342EA0122D4E90710DA6000222C
:106AA000014310461960196841F0010119606264E0
:106AB00084F841C0226384F8422010BD42F40042B1
:106AC0009A60D9E780F84020FBF70AFAB8E701207E
:106AD000704700BF008000022DE9F047984690F80B
:106AE0004130089E202B40F0878090F840300446CB
:106AF000012B00F0818001238946174680F8403041
:106B0000FDF7F0F9054604E0FDF7ECF9401B192804
:106B100075D82368986910F40040F5D12122676286
:106B20006063C9F3090784F84120102284F84220E9
:106B30006064A4F82A80628D92B2FF2A6DD8628DBB
:106B4000494892B2D1B222855A6802403A4342EA99
:106B50000142464911435960DFF81C814FF0FF0A9A
:106B6000DFF81891638D2A46314620469BB2002BF0
:106B700030D0FFF7A9FE002873D1606A216810F8B1
:106B8000012B238D8A62628D013B6062013A9BB2C8
:106B900092B223856285628D92B2002BE2D1002AE7
:106BA000E0D0701C43D18B691A06FCD5638D9BB273
:106BB000FF2B48D94B682A46A4F828A0204603EAB0
:106BC00008033B4343EA09034B603146638D9BB2A4
:106BD000002BCED1FFF7D4FE002842D1236820211C
:106BE000234DD9615A682A405A6084F8411084F8CC
:106BF000400084F8420000E00220BDE8F087636CAA
:106C00002021002201200B4384F84020636484F893
:106C1000411084F84220BDE8F0875A6812490A40C2
:106C200014493A431143FF222285596094E78B6946
:106C30001B06BBD4FDF756F9401B8642DFD3002E5E
:106C4000DDD02168ADE7638D9BB2DAB223854B6856
:106C500003EA080343EA02433B4343F000734B60FB
:106C600080E70120BDE8F087009800FC002000824A
:106C700000E800FE0020FF81009C00FC0000FF01F6
:106C80002DE9F047984690F84130089E202B40F0BF
:106C90008A8090F840300446012B00F08480012364
:106CA0008946174680F84030FDF71CF9054605E097
:106CB000FDF718F9401B192800F2828023689869B3
:106CC00010F40040F4D1222267626063C9F309071F
:106CD00084F84120102284F842206064A4F82A80BD
:106CE000628D92B2FF2A79D8628D4A4892B2D1B2AF
:106CF00022855A6802403A4342EA0142464911431A
:106D00005960DFF820814FF0FF0ADFF81C91638D96
:106D10002A46314620469BB2002B32D0FFF754FD65
:106D2000002873D12268636A526A1A70628D238DBB
:106D3000013A616A013B92B201319BB26285628D78
:106D4000616292B22385002BE1D1002ADFD0701C52
:106D500022682BD193691906FCD5638D9BB2FF2B5A
:106D600046D953683146A4F828A0204603EA080310
:106D70003B4343EA090353602A46638D9BB2002BD1
:106D8000CCD1FFF7FDFD002840D123682021234D01
:106D9000D9615A682A405A6084F8411084F840004A
:106DA00084F8420000E00220BDE8F08793691B06EA
:106DB000D3D4FDF797F8401B864201D3002EC6D1ED
:106DC000636C2021002201200B4384F8402063647F
:106DD00084F8411084F84220BDE8F0875A680D49D4
:106DE0000A400F493A431143FF222285596088E740
:106DF000638D9BB2D9B22385536803EA080343EA43
:106E000001433B4343F00073536080E70120BDE83A
:106E1000F08700BF009800FC0024008200E800FE1C
:106E20000024FF81009C00FC0000FF012DE9F047D9
:106E30001F4690F84130202B40F08E8004460D46CE
:106E4000002900F08380B2FA82F916464FEA5919F8
:106E5000002A7BD05FFA83FA90F84030012B7BD078
:106E6000012380F84030FDF73DF82123656280461C
:106E7000256884F8413084F842A0C4F844906685BF
:106E80006B68C4F8349023F400436B607B1C66D1BC
:106E9000AE693607FCD50823EB61E368022B06D008
:106EA000AE69F60328D4AE69F603F9D524E0AB69E0
:106EB0001907FCD50823EB617B1CF1D0AB69DD031E
:106EC0001AD4FDF70FF8A0EB0800874253D3002F28
:106ED00051D02568F0E7424639462046FFF7F4FCDA
:106EE00000285BD1636A226813F8011B9162658DEB
:106EF0006362013DADB26585638D9BB2002BEAD123
:106F0000424639462046FFF73BFD00284DD0226817
:106F1000536843F400435360636C042B54D1002343
:106F200063642023D361781C41D193691904FCD494
:106F300051680023202041F40041516084F8410051
:106F4000184684F8423084F8403003E04FF4007370
:106F500001206364BDE8F0870220BDE8F087AB69DB
:106F6000180733D4FCF7BEFFA0EB0800874202D31A
:106F70000FB125688AE7636C202000212268034353
:106F800084F84010636484F84100012084F84210C2
:106F9000536843F400435360BDE8F0872268012042
:106FA000536843F400435360D4E72268B9E7936918
:106FB0001B04BDD5FCF796FFA0EB08008742DAD38F
:106FC000002FD8D02268AEE70120C3E70823EB6189
:106FD000E368022B7FF470AF08E0FCF783FFA0EBBF
:106FE00008008742C7D3002FC5D02568AB691A07B0
:106FF000F3D55FE72DE9F0471F4690F84130202B8D
:1070000061D104460E46002956D0B2FA82F91546DF
:107010004FEA5919002A4FD05FFA83FA90F84030AE
:10702000012B50D0012380F84030FCF75BFF222376
:1070300066628046266884F8413084F842A0C4F82D
:10704000449065857368C4F8349023F400437360FA
:107050007D1C3CD1B5692807FCD50823F3617A1C57
:1070600055D1B369DB03FCD4638D9BB2ABB142460F
:1070700039462046FFF7A8FB002855D12268636AED
:10708000526A1A70638D626A013B01329BB262627E
:107090006385638D9BB2002BE9D142463946204679
:1070A000FFF76EFC0546002852D022680125536880
:1070B00043F40043536003E04FF40073012563641D
:1070C0002846BDE8F08702252846BDE8F087B36969
:1070D0001907C2D4FCF706FFA0EB0800874202D3D1
:1070E0000FB12668B4E7636C2020002122680343B7
:1070F000012584F84010636484F84100284684F830
:107100004210536843F400435360BDE8F087B3690D
:10711000DE03BED5FCF7E6FEA0EB08008742E2D313
:10712000002FE0D026689AE723685A6842F40042AC
:107130005A609A69550720D55A6A0125636A1A7000
:10714000638D626A013B2A449BB262626385B7E742
:1071500022682023D361781C11D193691904FCD4CF
:1071600053680021202043F40043536084F8410019
:1071700084F8401084F84210A2E70125A0E7936943
:107180001B04EDD5FCF7AEFEA0EB08008742AAD3A6
:10719000002FA8D02268DEE70268436B916912686D
:1071A00003B11847704700BF90F84100704700BF17
:1071B00090F84120202A23D15FFA82FC90F84020E9
:1071C0000346012A1CD00268242000B583F8410040
:1071D0004FF0000E106820F001001060106820F4DD
:1071E000805010601068014370461160116841F0D2
:1071F0000101116083F841C083F840E05DF804FBB1
:107200000220704790F84120202A22D1034600B581
:107210005FFA82FE90F84020012A1CD002682420E8
:107220004FF0000C83F84100106820F0010010605E
:10723000106820F4706040EA012160461160116816
:1072400041F00101116083F841E083F840C05DF82E
:1072500004FB0220704702205DF804FBF0B58BB000
:10726000002800F0888090F8BD330546046803F0DC
:10727000FF02002B79D0204603232E462F1D85F8D0
:10728000BD33E36B6C4613F4807308BF2B6103F0CE
:1072900003FD56F810EBB446BCE80F000FC4BCE881
:1072A0000F000FC49CE8030084E80300704697E8D1
:1072B0000E0003F0D5FB044630B101240223204622
:1072C00085F8BD330BB0F0BD0146286803F0ECFC37
:1072D000686858B322464FF0010E2146C2EBC20344
:1072E00002F1010C05EB830383F83C20A3F8422054
:1072F0005FFA8CF283F83DE0824283F83F10196513
:10730000C3E91111EAD30022C4EBC403611C05EBED
:10731000830383F8FC41CCB283F8FD21844283F8D7
:10732000FF21C3F81022C3E98122EDD36C460FCEB2
:107330000FC40FCE0FC496E8030084E8030097E85B
:107340000E00286803F0C8FC04460028B5D10122CD
:107350006B6A85F83800934285F8BD230FD0286802
:1073600004F0EEF820460BB0F0BD80F8BC23FCF72B
:10737000D1F8286880E7012420460BB0F0BD2846EC
:1073800000F006FDEBE700BF10B590F8BC330446F3
:107390000068012B17D00122A36A934284F8BC2312
:1073A00009D004F0BFF8206803F06EFC00231846F3
:1073B00084F8BC3310BDA3699342F2D0836B43F4CD
:1073C00080338363EDE7022010BD00BF2DE9F04F4D
:1073D000076889B00446384604F010F910B109B0C6
:1073E000BDE8F08F8246206804F0B8F80028F6D097
:1073F000206804F0B3F810F0020F206803D043694E
:1074000003F00203436104F0A9F810F4002B206894
:1074100040F0508104F0A2F810F4802F206840F072
:10742000EB8004F09BF8002874DB206804F096F8E9
:10743000000564D4206804F091F8020114D5226894
:10744000536903F00063536194F8F433002B40F068
:1074500095810121204684F8F413536DC3F383030F
:10746000C4F8F83300F0ACFC206804F077F8C304EB
:107470007BD4206804F072F810F4005F20685DD1BE
:1074800004F06CF810F0100F206812D0836923F01C
:10749000100383613D6AC5F3434305F00F06022BD9
:1074A00000F03182062B00F07F81836943F01003E6
:1074B000836104F053F8070700F15781206804F056
:1074C0004DF8C60200F14681206804F047F88502B5
:1074D00000F13581206804F041F8400000F1268178
:1074E000206804F03BF841077FF579AF23685D68B9
:1074F0006A0700F129825A682A435A606FE7D7F871
:107500000838D90700F11C822068436903F400633E
:10751000436190E7D7F8043823F00103C7F8043833
:1075200094F8F433012B00F038812046FCF7DCF8A6
:107530002068436903F00043436177E704F062F891
:10754000206803F0E9FC2568E06001F06DFD227B16
:107550000146284603F016FB2046FCF79BF82068FE
:10756000436903F4005343618AE7D7F804381021D4
:10757000206807F5006523F001036B6003F0B2FC9F
:107580006068B0B107F510634FF67F3199600AF17A
:10759000010A1A682033824522F4001243F8202C95
:1075A000C3F8E811D3F8E02122F40012C3F8E02177
:1075B000ECD1EB6943F00113EB61236B002B40F03E
:1075C000E1806A6942F22B0313436B612B6943F03C
:1075D0000B032B61D7F8003804F57172217C23F47A
:1075E000FE632068C7F8003804F028F82068436973
:1075F00003F4805343613DE703F0C8FF80462068F1
:10760000B8F1000F00F0E580264607F510694FF04D
:10761000000BCDE9037A09E05FEA58080BF1010B92
:1076200006F11C0609F1200900F0D58018F0010FC1
:10763000F2D05FFA8BF7394603F0C4FFC307054663
:107640001FD50BF00F03039901229A40D1F834386B
:1076500023EA0203C1F834380123C9F8083023694A
:10766000012B03D1D6E911231344B36439462046D4
:10767000FCF702F82369012B03D1BBF1000F00F0E6
:10768000AC81280702D50823C9F80830E90602D5DD
:107690001023C9F808306A0602D54023C9F808301B
:1076A000AB0702D50223C9F808302D0600F1C680C9
:1076B0002068B1E703F05CFF05462068002D00F06C
:1076C000868007F53066A1464FF0000B049707E06F
:1076D0006D080BF1010B06F1200609F11C097DD0A4
:1076E000EB07F5D55FFA8BF1039103F05DFF10F026
:1076F000010F8046039973D118F0080F40F0F28013
:10770000206818F0100F01D01023B36018F0200F7C
:1077100005D02169012900F05A812023B36018F4B3
:10772000005FD5D04FF40053B360D1E72046FBF79C
:10773000E7FF2068436903F080434361D1E62046B8
:107740005FFA8BF1FBF7D4FF2068436903F4001361
:107750004361C0E620465FFA8BF1FBF7CDFF20685E
:10776000436903F480134361AFE62046FBF78EFFC5
:107770002068436903F008034361A0E62046FBF755
:107780009BFF71E6D5F8843043F00B03C5F88430D5
:107790006B6C43F00B036B641CE70021204684F8FC
:1077A000F41300F00DFBC3E6C6EBC606082204F591
:1077B0007171384603F034FEC5F30A1304EB8602F8
:1077C0002068D2F814120B44C2F814326DE6AB46AE
:1077D00020E6C34625E6DDE9037A22E6049F19E6A2
:1077E000206801232769B36000F53063012FD0F8CA
:1077F00040E003EB4B139A6800F0C580984FBE45FC
:1078000040F0BD80170440F1B6804FF4004218F0FC
:10781000080F9A603FF475AF026C986890498A42ED
:1078200000F0978020460392FBF716FF8D4B039ADA
:107830009A4200F296800823B36061E7D6E91453B8
:10784000D4F800A0AB4250463FF6E6AE0AF510620F
:10785000716CCDF81CA002EB4B120592EA1A8A4219
:1078600028BF0A4605998969033289B2B1EB920FA4
:10787000C0F0A980CDF81890C146A046059C1AE03A
:10788000736C3A46B16C50469D4228BF1D4698F82D
:1078900010300093ABB203F0ADFDB36CA1692B4483
:1078A00089B2B364736D2B440335B1EB950F7365E7
:1078B000C0F08180356D9D42A5EB0305E0D84446BC
:1078C000C846DDF81890D4F800A0079B0122504666
:1078D00003F500610BF00F039A404B6B23EA0203A0
:1078E0004B6399E62268216902F53063126C012925
:1078F00003EB4B13986891D15A498A4229D8204604
:10790000FBF7AAFE97E747F6F0731D423FF4CDADB3
:10791000C6EBC606C5F30A12384604EB86061546C2
:10792000D6F8081203F07CFDD6F8083220682B4404
:10793000C6F80832D6F814322B44C6F81432B4E52F
:107940002046FBF7B9FEDFE52046FBF7DDFE2368A6
:10795000D1E5020402D54FF400429A602046FBF7BD
:107960007BFE216901297FF466AF04F571722068FE
:1079700003F064FE5FE7900601D520229A6020465E
:10798000FBF770FEB8E6170732D536498E4504D9A5
:10799000120402D54FF400429A6020460393FBF78D
:1079A0005BFE04F571720121206803F047FE082296
:1079B000039B9A60A0E64446356DC846DDF81890F2
:1079C000D4F800A050469D423FF626AE7DE704F570
:1079D000717203F033FE20689FE6236D002B7FF465
:1079E00050AE04F571720121206803F027FE48E6CD
:1079F000970608D520229A6018F0080F3FF481AE50
:107A0000026C986878E712F0280FF5D1154FBE4543
:107A100005D9120403D54FF400429A60ECE71B69C4
:107A20002046D9F80422C3F31203D31AC9F814323A
:107A3000D9F808321344C9F80832FBF713FEBBF13A
:107A4000000F7FF459AED4F81032002B7FF454AEFF
:107A500004F571720121206803F0F0FD4CE600BFCF
:107A60000A31544F0A30544F90F8BC23012A0ED0EB
:107A7000012210B50446006884F8381084F8BC234D
:107A800003F03EFD0023184684F8BC3310BD0220ED
:107A9000704700BF10B501F00F0E0906044627D449
:107AA0004FF01C0C0CFB0E0C0CF5FE71CEEBCE0C4B
:107AB00000EB8C0C00208CF8FD018A604A7881F87C
:107AC00000E0CB700AB1A1F806E0022B01D100233F
:107AD0000B7194F8BC33012B18D00123206884F873
:107AE000BC3303F02BFA0023184684F8BC3310BDD6
:107AF0001C204FF0010C00FB0E4000F13C01CEEBCE
:107B0000CE0004EB800080F83DC0D6E7022010BD17
:107B100011F0800F01F00F034FF01C0110B5044667
:107B20001AD101FB0341C3EBC302002001F5FE7132
:107B300004EB820282F8FD010B7094F8BC33012B38
:107B400019D00123206884F8BC3303F03FFA0023E6
:107B5000184684F8BC3310BD01FB0341C3EBC302DC
:107B6000012004EB82023C3182F83D000B7094F856
:107B7000BC33012BE5D1022010BD00BF10B501F0D0
:107B80000F041C21C4EBC40C01FB040100EB8C0CA2
:107B900001F5FE71CCF810320023CCF808228CF8E5
:107BA000FC41CCF814328CF8FD3103690068012BDC
:107BB00008BFCCF80C22DAB21CB903F061FB00203C
:107BC00010BD03F045FA002010BD00BF01F00F0109
:107BD000C1EBC10100EB8101D1F81402704700BF75
:107BE00010B501F00F041C21C4EBC40C01FB04010F
:107BF00000EB8C0C3C31CCF850300023CCF8482002
:107C0000CCF8543001238CF83C408CF83D300369AB
:107C10000068012B08BFCCF84C20DAB21CB903F085
:107C20002FFB002010BD03F013FA002010BD00BF91
:107C300038B5436801F00F059D4234D80B06044661
:107C40001DD41C22C1EBC10302FB010100EB830325
:107C5000002201F5FE7183F8FD2101230D708B7068
:107C600094F8BC239A421CD0206884F8BC3303F0FB
:107C7000E7FBD5B10023184684F8BC3338BD1C217E
:107C8000C5EBC503012201FB050100EB83033C3179
:107C900083F83D2001230D708B7094F8BC239A4229
:107CA000E2D1022038BD012038BD04F57172217C7B
:107CB000206803F0C3FCDDE7426838B501F00F032C
:107CC000934232D811F0800F04464FF01C01C3EBF1
:107CD000C30219D101FB0341002004EB82020025FD
:107CE00001F5FE7182F8FD010B708D7094F8BC33C4
:107CF000012B18D00123206884F8BC3303F0D4FB97
:107D0000284684F8BC5338BD01FB0341012004EB35
:107D1000820200253C3182F83D000B708D7094F892
:107D2000BC33012BE6D1022038BD012038BD00BF95
:107D300010B40468606A31B940EA0240A0620020D1
:107D40005DF8044B7047A36AB1F1010C00EB1340DE
:107D50000BD0002303F14001013304EB8101DBB2BE
:107D60004968634500EB1140F4D30CF1400C40EA44
:107D7000024004EB8C0C5DF8044BCCF804000020AE
:107D8000704700BF034600201B685962704700BF60
:107D900003464FF0000C09491A68604610B40124EC
:107DA00083F8F4C3C3F8FC4393695DF8044B43F0D4
:107DB00000639361536D19435165704703000010D0
:107DC000704700BF38B5114BDA68520704D4DB683E
:107DD00003F00703834214D10C4CE36823F007033C
:107DE0001843E060FCF77EF8054605E0FCF77AF8FA
:107DF000401BB0F57A7F06D863689B04F6D5002057
:107E000038BD012038BD032038BD00BF00480258EE
:107E1000024AD36843F08073D36070470048025829
:107E200070B44D6A15B1B2F1406F3AD18B691BB392
:107E30000C6A002C4CD08E680068C661CE69002E9A
:107E400069D02B4313432343CC6A334323430C6B46
:107E500023434C6B23430C692343CC6823430C68B6
:107E600023434C69B2F1406F43EA8443436165D0D8
:107E70004B6870BC836170470B6ABBB100682B43D1
:107E80008C68CE69C461002E6BD01343CC6A334337
:107E900023430C6B23434C6B23430C692343CC6873
:107EA000DEE78B6A0468013B2361BFE7CB69002BE7
:107EB00066D1002D42D0CB6A0C6B2B430068134374
:107EC0004A6923434C6B234343EA8243436135E0D1
:107ED000CC6945EA030C002C32D003684CEA02005E
:107EE000B2F1406F40EA0400CC6A40EA04000C6B37
:107EF00040EA04004C6B40EA0400CC6840EA04000D
:107F00000C6840EA04004C6940EA8440586115D08E
:107F10004A689A6112E045EA030C0D694CEA0203D3
:107F2000CA6A23431343D1E90C4223430C68134329
:107F30004A692B43234343EA8243436170BC704741
:107F4000CC6A4CEA020300682343D1E90C42234384
:107F50000C6813434A69234343EA824370BC43617C
:107F60007047CC6A13432343D1E90C4223431343A4
:107F7000D1E90442234343EA824370BC4361704722
:107F80002B43CD6A0C6B134300682B4323434C6B8C
:107F900084E700BF70B50446FBF7A4FF002C54D063
:107FA00094F84030012B52D00123064684F840302B
:107FB00094F8413003F0FF02002B34D0A56C226806
:107FC000A1681368013923F4706343EA0123136045
:107FD00001E06B1C31D1936813F02003F9D1E06903
:107FE000E16815680143206A0143606841EA006165
:107FF0001C482840014360691160A169556801432C
:10800000206941EA004118482840012501431846EB
:108010005160116829431160636484F84150002362
:1080200084F8403070BD204684F84020FAF7D8FB31
:1080300041F288331D46A364C1E7FBF753FF801B61
:10804000A84206D82DB12268C5E7012070BD0220E4
:1080500070BD0423012084F84130636C03436364E2
:10806000DDE700BF2FFFFF00FEF8E0FFC8B110B54D
:1080700090F840300446012B11D00268012380F8AB
:108080004030136823F001031360FAF737FC002334
:108090006364184684F8413084F8403010BD0220F3
:1080A00010BD0120704700BF2DE9F04104460E4687
:1080B0001546FBF717FF94F84030012B3AD0012307
:1080C00084F8403094F84130012BDFB206D002270B
:1080D0000023384684F84030BDE8F0810023804614
:1080E0006364022384F84130681C23680ED19A68C7
:1080F00012F02002FBD131462046FFF791FE736A51
:10810000E3B10123002784F84130E1E79A6812F0D7
:1081100020021ED0FBF7E6FEA0EB0800854201D34B
:10812000002DE1D1042384F84130636C43F0010356
:108130006364CDE702273846BDE8F0812268936882
:108140009B07FCD5022101230027D16084F8413030
:10815000BEE731462046FFF763FE736A43B1D0E7BE
:10816000FBF7C0FEA0EB08008542DBD3002DD9D081
:10817000226893689907F3D5E4E700BF2DE9F84337
:10818000044689461546FBF7ADFE94F84030276853
:10819000012B67D0012384F8403094F84130012B43
:1081A0005FFA83F807D04FF002080023404684F8B6
:1081B0004030BDE8F88300236364B9F1000F56D066
:1081C0001223064684F841303B690133E3623B6980
:1081D000C4F824900133A3627B6923F040637B6180
:1081E000E36A002B31D06A1C394611D18B685B07DA
:1081F000FCD5636A1B7887F82030E26A636A013A2B
:108200000133E262E26A6362F2B16A1C2168EDD076
:108210008B685807EDD4FBF765FE801B854201D3C0
:10822000002DF2D1042384F84130636C43F0010344
:10823000636413E0BB689B070CD4FBF753FE801B01
:108240008542EFD3002DEDD02768691CF2D1BB68C1
:108250009A07FCD502234FF00008FB60012384F845
:108260004130A2E74FF002084046BDE8F883636C56
:1082700043F00803636498E72DE9F8430446154684
:108280008946FBF72FFE2768BA6994F84030012B26
:108290006CD0012384F8403094F84130012B5FFA10
:1082A00083F807D04FF002080023404684F840309E
:1082B000BDE8F88300236364B9F1000F5BD022238B
:1082C000064684F841303B690133A3633B69C4F837
:1082D0003090013363637B6923F0406343F0806334
:1082E0007B61BA61A36B002B33D0681C394612D175
:1082F0008B6813F0060FFBD097F82020236B1A70C1
:10830000A26B236B013A0133A263A26B2363FAB120
:10831000681C2168ECD08B6813F0060FECD1FBF7DA
:10832000E1FD801B854201D3002DF1D1042384F8A7
:108330004130636C43F00103636413E0BB689B0747
:108340000CD4FBF7CFFD801B8542EFD3002DEDD081
:108350002768691CF2D1BB689A07FCD502234FF04D
:108360000008FB60012384F841309DE74FF00208CC
:108370004046BDE8F883636C43F00803636493E709
:108380002DE9F84F04461F4689469046FBF7AAFDA3
:1083900094F84030012B52D0012384F8403094F8F7
:1083A0004130012B5FFA83FB07D04FF0020B002313
:1083B000584684F84030BDE8F88F00238246636455
:1083C000422384F841307A1C26682CD1B568AB066C
:1083D000FCD4D8F8003049462046B362D8F80430BF
:1083E0007362D8F80830F3623268D8F8103022F49B
:1083F00040021343D8F80C2043F480033360C9F8DB
:1084000028204FF00062FFF70BFD781C22681BD17B
:1084100093681907FCD5082101234FF0000BD160A8
:1084200084F84130C3E7B3689D06D2D5FBF75AFD07
:10843000A0EB0A00874212D3002FC4D10FE04FF007
:10844000020B5846BDE8F88F93681B07E3D4FBF78F
:1084500049FDA0EB0A00874201D3002FD5D10423A8
:1084600084F84130636C43F0010363649FE700BF0D
:108470002DE9F04704460F461646FBF733FD94F806
:108480004030012B45D0012384F8403094F841302E
:10849000012B5FFA83F907D04FF002090023484609
:1084A00084F84030BDE8F08700238046D4F848A027
:1084B0006364822384F84130BAF1FF3F256814D108
:1084C000AB689A06FCD42B68726823F00803082A6C
:1084D00043EA02032B6021D04FF040623946204628
:1084E0004FF00009FFF79CFCD8E7AB689B06EAD584
:1084F000FBF7F8FCA0EB0800824502D3BAF1000FAD
:10850000DAD1042384F84130636C43F001036364DF
:10851000C4E74FF002094846BDE8F08732681023EF
:108520002A63EB602B6843F480132B60D4E700BF11
:10853000704700BF08B5006C00238363C36290F8E6
:108540004130082B0BD103680222DA601A6842F42A
:1085500000321A601A6842F002021A6008BD012354
:1085600080F84130FFF7E4FF08BD00BF704700BF4F
:10857000704700BF704700BF704700BF704700BF23
:10858000704700BF704700BF38B5036804469A685B
:10859000196855070ED548030CD594F84120122AC6
:1085A00075D094F84120222A00F0A1802046FFF7E0
:1085B000E5FF38BD950726D5880324D50222DA6069
:1085C0001A6822F4E0221A6094F84120122A7AD024
:1085D00094F84120222A00F0A98094F84120022A30
:1085E00000F0D08094F84120082AE2D15A69012194
:1085F000204622F040625A6184F84110636C3BBB14
:10860000FFF7B4FF38BD150725D4D50735D5C80306
:1086100033D50125DD601A6822F470221A60626C7D
:1086200042F0020262641A68520779D51A68E06B58
:1086300022F004021A60574B836506F07BF800288D
:10864000B7D0636C204643F00403636484F8415060
:10865000FFF76EFF38BD0803D7D50822DA601A6825
:10866000520206D51A68012122F410221A6084F8F9
:1086700041102046FFF784FF38BDD00699D5CA02C5
:1086800097D510222046DA60FFF77CFF38BD9A6844
:1086900050078BD518460EE0626A127883F82020C6
:1086A000E16A20680139626AE162013281686262CE
:1086B0004D077FF57BAFE26A002AEDD1036823F412
:1086C0008023036072E71A68510709D51A68E16BC5
:1086D00022F0040209681A60CB6823F00103CB6022
:1086E0000123204684F84130FFF746FF38BD9A68E1
:1086F00052077FF55BAF18460EE093F82010226B0F
:108700001170A16B20680139226BA163013281686D
:10871000226349077FF54AAFA26B002AEDD1CDE76E
:10872000204684F84150FFF703FF38BD1A6852070E
:108730001DD49A6812F47C5F0FD111E093F82010D9
:10874000226B1170A16B20680139226BA163013289
:108750008168226311F47C5F02D0A26B002AEDD104
:108760000123204684F84130FFF704FF38BD1A6822
:10877000E16B22F0040209681A60CB6823F0010360
:10878000CB60EDE70123204684F84130FFF7F0FE8F
:1087900038BD00BF35850024002800F0DE81F8B523
:1087A00003680446D80730D59F490A69896A02F0F0
:1087B0003802102A00F00081182A00F0F88063685F
:1087C000B3F5803F00F02081002B00F05E81B3F50F
:1087D000A02F954B1A6800F02F8222F480321A6085
:1087E0001A6822F480221A60FBF77CFB8E4E41F25D
:1087F0008837054605E0FBF775FB401BB84200F2E1
:10880000428133689A03F6D523689D0700F185807D
:10881000D9062FD5844A1369926A03F03803082BCE
:1088200000F0DA80182B00F0D280E3697E4D002B37
:1088300000F065812B6843F080032B60FBF752FB4F
:10884000064605E0FBF74EFB801B022800F21B8169
:108850002B68DB05F6D5FBF75DFB41F2030398427D
:1088600000F20B826B68226A23F0F84343EA8263CA
:108870006B6023681D0716D563696B4D002B00F0F4
:108880001C816B6F43F001036B67FBF72BFB064604
:1088900005E0FBF727FB801B022800F2F4806B6FDA
:1088A0009807F6D523689A0616D5A3695E4D002B66
:1088B00000F014812B6843F480532B60FBF712FB0C
:1088C000064605E0FBF70EFB801B022800F2DB806A
:1088D0002B689F04F6D52368590700F19B80636AD3
:1088E000CBB1514D2A6902F03802182A6DD0022B03
:1088F0002B6823F080732B6000F03981FBF7F2FACC
:10890000044605E0FBF7EEFA001B022800F2BB80EC
:108910002B689B01F6D40020F8BD434A1369926A84
:1089200013F0380329D1404BE2681B68590701D581
:10893000002A4AD03C4D2B6823F0190313432B60C7
:10894000FBF7D0FA064605E0FBF7CCFA801B0228BD
:1089500000F299802B685B07F6D5FBF7DBFA41F252
:108960000303226998426B6800F2F08023F47C33A1
:1089700043EA02336B6023684AE7182B00F0E28079
:10898000294DE2682B68002A00F0CB8023F0190300
:1089900013432B60FBF7A6FA064604E0FBF7A2FAA6
:1089A000801B02286FD82B685F07F7D5D5E701F049
:1089B000030102297FF403AF1B4A126891037FF57C
:1089C00024AF6268002A7FF420AF0120F8BD02F0D6
:1089D0000302012A7FF429AF134B1B68DA0502D585
:1089E000E369802BF1D1FBF795FA41F203030E4ABC
:1089F0009842216A00F2B380536823F0F84343EAB7
:108A000081635360236835E7074A136843F4803372
:108A10001360E9E6054D2B6843F480732B60FBF788
:108A200061FA064609E000BF0044025800480258B7
:108A3000FBF758FA801B642825D82B68DA05F7D590
:108A4000A368012B00F02281002B00F0FD80052B94
:108A5000954B1A6F00F0208122F001021A671A6FFD
:108A600022F004021A67FBF73DFA8F4E41F2883775
:108A7000054604E0FBF736FA401BB84203D8336FD3
:108A80009B07F7D52BE70320F8BD874D41F28837C8
:108A90002B6823F480332B602B6823F480232B6016
:108AA000FBF720FA064604E0FBF71CFA801BB842ED
:108AB000E9D82B689B03F7D4A6E66B6F23F001037C
:108AC0006B67FBF70FFA064604E0FBF70BFA801B17
:108AD0000228D8D86B6F9907F7D4E3E62B6823F404
:108AE00080532B60FBF7FEF9064604E0FBF7FAF92A
:108AF000801B0228C7D82B689804F7D4EBE62B68B4
:108B000023F080032B60FBF7EDF9064604E0FBF74A
:108B1000E9F9801B0228B6D82B68DF05F7D4236853
:108B2000A8E623F001032B60FBF7DCF9064604E01E
:108B3000FBF7D8F9801B0228A5D82B685807F7D473
:108B4000236865E690077FF41BAFECE623F0FE4355
:108B500043EA02636B6023685AE601207047D368DA
:108B600023F07C5343EA0163D360236882E6FBF77A
:108B7000B9F9064604E0FBF7B5F9801B022882D854
:108B80002B689901F7D4A96A484BA26A0B4048495F
:108B9000454E1343E26A43EA0213AB62D4E90D3255
:108BA000013B013A5B0212049BB202F4FE02134342
:108BB000226B013AC2F308021343E26B013A120638
:108BC00002F0FE4213432B63EB6A23F00103EB62D6
:108BD0006A6BA36C114041EAC3016963EB6A226CC2
:108BE00023F00C031343EB62EB6A626C23F0020385
:108BF0001343EB62EB6A43F48033EB62EB6A43F4BA
:108C00000033EB62EB6A43F48023EB62EB6A43F0E0
:108C10000103EB622B6843F080732B60FBF762F972
:108C2000044605E0FBF75EF9001B02283FF62BAF78
:108C300033689A01F6D56EE642F480221A601A680B
:108C400042F480321A60CFE5174D41F288372B6F1E
:108C500023F001032B672B6F23F004032B67FBF733
:108C600041F9064605E0FBF73DF9801BB8423FF6A7
:108C70000AAF2B6F9807F6D431E6EB68226A23F02F
:108C80007C5343EA0263EB602368F3E5064A136F03
:108C900043F001031367E6E642F004021A671A6F15
:108CA00042F001021A67DEE6004402580CFCFFFFA6
:108CB0000700FFFF474A136903F03803102B04D065
:108CC000182B0DD01BB144487047444870471368B7
:108CD00099064AD513684248C3F3C103D840704788
:108CE000936A30B4946AD56A14F47C7F516BC4F3F0
:108CF000051038D0C1F3CC0105F0010503F00303E2
:108D000005FB01F1012B07EE901AB8EEE77A02D0CD
:108D1000022B2CD093B307EE900A9FED325AF8EE57
:108D2000E77A136BC5EE276ADFED2F5AC3F308030A
:108D300007EE903AB7EE006AF8EEE77AE7EE257AAA
:108D400077EE867A66EEA76A224B1B6BC3F3462347
:108D5000013307EE903AB8EEE77AC6EE877AFCEE7A
:108D6000E77A17EE900A30BC70471D48704707EE4F
:108D7000900A9FED1E5AF8EEE77AD2E713689B0639
:108D800020D5146807EE900A1549F7EE005A136BC8
:108D9000C4F3C104F8EEE77A9FED135AC3F3080356
:108DA000E14006EE903A06EE101AF8EEE66AB8EEEA
:108DB000C66AE7EE056A86EE277A76EEA56A66EE63
:108DC000876AC1E707EE900A9FED095AF8EEE77A45
:108DD000A7E700BF0044025800093D000024F4004A
:108DE0000090D0030024744A000000390024744B22
:108DF0000024744C002800F00281874A136803F0B5
:108E00000F038B422DE9F04104460D460CD2136846
:108E100023F00F030B431360136803F00F038B421F
:108E200002D00120BDE8F08123685F070BD57B49A4
:108E300020698A6902F07002904204D98A6922F09E
:108E4000700202438A611E070BD574496069CA69C2
:108E500002F07002904204D9CA6922F07002024303
:108E6000CA61D8060BD56D49A069CA6902F4E062EF
:108E7000904204D9CA6922F4E0620243CA619906A9
:108E80000BD56649E0690A6A02F07002904204D983
:108E90000A6A22F0700202430A629A0740F1A18036
:108EA0005E48E168826902F00F02914204D982694A
:108EB00022F00F020A438261D80730D5574AA168D1
:108EC000936923F470630B4393616168136802290B
:108ED00000F09780032900F08E80012900F0978030
:108EE00058079ED54D4E41F28838336923F0070369
:108EF0000B433361FAF7F6FF074605E0FAF7F2FF96
:108F0000C01B404500F281803369626803F038037A
:108F1000B3EBC20FF2D12368990706D5E1683F4849
:108F2000826902F00F028A425FD83B490A6802F068
:108F30000F02AA420AD90A6822F00F022A430A60E5
:108F40000A6802F00F02AA427FF46BAF5A070BD5F2
:108F5000324920698A6902F07002904204D28A691B
:108F600022F0700202438A611F070BD52B4960690A
:108F7000CA6902F07002904204D2CA6922F07002FB
:108F80000243CA61DE060BD52449A069CA6902F40E
:108F9000E062904204D2CA6922F4E0620243CA61EC
:108FA0009D060BD51D4AE169136A03F070039942CF
:108FB00004D2136A23F070030B431362FFF77AFEA7
:108FC000164A0346164892691649C2F30322825C88
:108FD0000E2002F01F02D340BDE8F0410B60FAF70B
:108FE0001FBFDA073FF56AAF9FE7826922F00F02E1
:108FF0001143816199E79F013FF574AF11E70120AB
:1090000070479B033FF56EAF0BE703200AE7DE05D1
:109010003FF568AF05E700BF00200052004402584A
:109020002C4301249C05002008B501F095F9064B5E
:1090300006499B69064A03F00F03CB5C03F01F034C
:10904000D840106008BD00BF004402582C430124E2
:10905000A005002010B501F07FF90949094A8B6984
:10906000094C03F00F03D35C03F01F03D8402060CA
:10907000CB69C3F30213D35C03F01F03D84010BDC8
:10908000004402582C430124A005002010B501F033
:1090900063F90949094A8B69094C03F00F03D35C52
:1090A00003F01F03D8402060CB69C3F30223D35CD5
:1090B00003F01F03D84010BD004402582C43012484
:1090C000A0050020F8B53A4CA36A03F00303032B74
:1090D00067D0236806460F4623F080632360FAF7C3
:1090E00001FF054604E0FAF7FDFE431B022B56D8AC
:1090F00023681A01F7D4A36A326823F47C3343EA65
:109100000233A362D6E90232013B013A5B02120448
:109110009BB202F4FE0213437268013AC2F30802E2
:1091200013433269013A120602F0FE421343A3636D
:10913000E36A726923F0C0031343E362E26AB3692E
:1091400022F020021A431B4BE262E26A22F0100274
:10915000E262E16BF2690B4043EAC203E363E36A54
:1091600043F01003E362E36AEFB1012F0CBF43F455
:10917000801343F40013E3620D4C236843F08063D3
:109180002360FAF7AFFE054604E0FAF7ABFE401B9A
:10919000022804D823681B01F7D50020F8BD03205E
:1091A000F8BD0120F8BD43F40023E362E4E700BF0B
:1091B000004402580700FFFFF8B53A4CA36A03F0D9
:1091C0000303032B67D0236806460F4623F0805322
:1091D0002360FAF787FE054604E0FAF783FE431B97
:1091E000022B56D823689A00F7D4A36A326823F07A
:1091F0007C7343EA0253A362D6E90232013B013A8F
:109200005B0212049BB202F4FE0213437268013A3D
:10921000C2F3080213433269013A120602F0FE4219
:1092200013432364E36A726923F440631343E362E4
:10923000E26AB36922F400721A431B4BE262E26AEB
:1092400022F48072E262616CF2690B4043EAC2036D
:109250006364E36A43F48073E362E36AEFB1012F6E
:109260000CBF43F4000343F08073E3620D4C2368AA
:1092700043F080532360FAF735FE054604E0FAF721
:1092800031FE401B022804D823689B00F7D500203C
:10929000F8BD0320F8BD0120F8BD43F48003E3626C
:1092A000E4E700BF004402580700FFFF2DE9F84340
:1092B0000368044613F0006622D0426EB2F5001F28
:1092C00000F0CE8411D8002A00F0F884B2F5801F97
:1092D00040F0F18402210430FFF7F4FE0646002E30
:1092E00040F08684626E236803E0B2F5401F40F0D0
:1092F000E284A8480026016D21F440110A4302656A
:10930000DD050AD5626D042A06D8DFE812F0A20452
:1093100093049A04DF02DF020126354698051BD527
:10932000A26D802A00F05B8400F2EC80002A00F03D
:109330008B83402A40F0ED800021201DFFF7C2FE04
:1093400023680546002D40F067839249A06D0A6DA1
:1093500022F4E07202430A6559051FD5D4F8A4200F
:10936000B2F5800F00F0478400F2D680002A00F0AA
:109370007183B2F5001F40F0D7800021201DFFF758
:10938000A1FE23680546002D40F044838149D4F8AE
:10939000A4008A6D22F4600202438A651A051FD573
:1093A000D4F8A820B2F1007F00F02E8400F2BF8034
:1093B000002A00F05583B2F1807F40F0C080002188
:1093C000201DFFF77FFE23680546002D40F02A830D
:1093D0007049D4F8A8008A6D22F0E06202438A65E1
:1093E0009F0118D5A26C202A00F0DA8300F2AA802F
:1093F0003AB1102A40F0A9806649CA6A42F40032A4
:10940000CA62002D40F059836249A06CCA6C22F0F8
:1094100030020243CA64D8041DD5E26DB2F5005F84
:1094200000F0FB8300F29480002A00F01F83B2F565
:10943000805F40F095800021201DFFF743FE2368E8
:109440000546002D40F0EC825249E06D0A6D22F491
:10945000E04202430A6599041AD5226EB2F5003F34
:1094600000F074837FD84AB1B2F5803F40F083802A
:109470000121201DFFF726FE23680546002D40F040
:109480001E834449206E0A6D22F4E02202430A65DD
:109490005A041BD5D4F8AC20B2F1005F00F0608311
:1094A0006CD842B1B2F1805F70D10121201DFFF76D
:1094B00009FE23680546002D40F003833549D4F8A2
:1094C000AC008A6D22F0E04202438A651F040DD58C
:1094D000E26EB2F1805F00F03183B2F1005F00F024
:1094E0000182002A00F0048201263546D8015DD5AC
:1094F000626C032A00F20A84DFE812F054001703BA
:109500004E005400C02A3FF41DAFB2F5807F3FF4F7
:1095100019AF012635461FE7B2F5C00F3FF433AF50
:10952000B2F5000F3FF42FAF0126354636E7B2F112
:10953000407F3FF44AAFB2F1806F3FF446AF01265F
:1095400035464DE7302A3FF45CAF0126354662E7E9
:10955000B2F5405F3FF475AFB2F5804F3FF471AFA5
:109560000126354677E722F48031B1F5802F85D08A
:10957000B2F5403F82D00126354689E722F080517E
:10958000B1F1804F97D0B2F1405F94D001263546BB
:109590009CE700BF004402580221201DFFF792FD06
:1095A00023680546002D00F06B822E46590200F11B
:1095B000F081DF072FD5A26F282A2AD8DFE812F022
:1095C000D3012900290029002900290029002900A8
:1095D0006D032900290029002900290029002900FC
:1095E000CC0129002900290029002900290029008F
:1095F000D301290029002900290029002900290078
:10960000D301290029002900290029002900290067
:10961000D30101263546980716D5626F052A00F258
:109620007883DFE812F00D00300306000D000D0016
:109630000D00012104F12400FFF7BEFD236805465B
:10964000002D00F025822E46590717D5D4F890201A
:10965000052A00F26183DFE812F00D000C0306001A
:109660000D000D000D00012104F12400FFF7A4FD01
:1096700023680546002D00F013822E469A061DD55C
:10968000D4F88C20B2F1005F00F0458200F2DC805B
:109690004AB1B2F1805F40F0E1800021201DFFF768
:1096A00011FD23680546002D40F00582A949D4F834
:1096B0008C004A6D22F0E04202434A655F061DD5E8
:1096C000D4F89820B2F5006F00F0548200F2C980FF
:1096D0004AB1B2F5806F40F0CE800021201DFFF727
:1096E000F1FC23680546002D40F0C8819949D4F863
:1096F00098008A6D22F4E05202438A6518061DD54F
:10970000D4F89C20B2F5804F00F03F8200F2B68082
:109710004AB1B2F5005F40F0BB800021201DFFF789
:10972000D1FC23680546002D40F0A6818949D4F874
:109730009C008A6D22F4604202438A6519070BD5AA
:10974000D4F88010B1F5805F00F03E828148426D10
:1097500022F440520A434265DA060BD5D4F894103D
:10976000B1F5807F00F025827A48826D22F4407244
:109770000A4382651F030ED5D4F8A010B1F5803FCF
:1097800000F0D480B1F5003F00F0D780002900F050
:10979000BA810126354658030FD5D4F88420B2F596
:1097A000001F00F0B080B2F5401F00F0B380B2F5AA
:1097B000801F00F0A08101263546D90309D5E26C4F
:1097C000002A00F08681B2F5803F00F02D8101264D
:1097D00035469A0000F1D2809F035CD4301E18BF3A
:1097E0000120DE0206D55B49256F0A6D22F000429A
:1097F0002A430A65DD0007D55649D4F8B4500A69F2
:1098000022F480422A430A61990206D55149A56E85
:109810000A6D22F080722A430A655A0009D54D4A22
:10982000116921F4004111611169D4F8B85029433C
:109830001161002B06DA474A216DD36C23F04053A7
:109840000B43D364BDE8F88322F08051B1F1804F1F
:109850003FF429AFB2F1405F3FF425AF0126354612
:109860002CE722F48061B1F5805F3FF43CAFB2F5A4
:10987000406F3FF438AF012635463FE722F40051F0
:10988000B1F5004F3FF44FAFB2F5C04F3FF44BAFCF
:109890000126354652E7E26FB2F5807F00F0228163
:1098A00006D922F48071B1F5007F03D0012098E73A
:1098B000002AFBD1002DF9D1264D301E696D18BF4D
:1098C000012021F440710A436A658AE73546002D7C
:1098D00040F0A4801F49606D0A6D22F00702024328
:1098E0000A651BE50121201DFFF7ECFB23680546F7
:1098F000002D40F0DE801749E06E0A6D22F04052E4
:1099000002430A65F2E5012104F12400FFF754FC4B
:1099100023680546002D40F0DA800E49D4F8840013
:109920004A6D22F4401202434A6546E7022104F1DF
:109930002400FFF741FC23680546002D40F0C58058
:109940000449D4F8A0008A6D22F4403202438A65AB
:1099500021E700BF00440258012104F12400FFF771
:109960002BFC23680546002D40F0AD80AF49A06F69
:109970004A6D22F0380202434A654CE6022104F1A6
:109980002400FFF719FC236800283FF425AF0126C7
:1099900022E7A74F3B6843F480733B60FAF7A2FAD3
:1099A000804606E0FAF79EFAA0EB0800642800F271
:1099B0007E813B68DA05F5D5002D40F0A4819B4AF5
:1099C000D4F8B030116F594011F4407F0BD0116FB3
:1099D000106F21F4407140F480301067106F20F454
:1099E000803010671167B3F5807F00F06E8103F45B
:1099F0004072B2F5407F00F07C818C490A6922F404
:109A00007C520A61894AC3F30B03116F0B4313673E
:109A10002368CEE52E46C1E42E469DE42E467DE425
:109A20002E4618E52E46DBE40221201DFFF74AFBF7
:109A300005462368002D53D17C49E06CCA6C22F4A2
:109A400080320243CA64C4E67849CA6A42F40032EA
:109A5000CA6277E47549CA6A42F40032CA6292E483
:109A60007249CA6A42F40032CA62AEE46F49CA6AF5
:109A700042F40032CA62E4E42E465FE62E463DE63A
:109A80006A49606CCA6C22F003020243CA648DE525
:109A90006649606F4A6D22F0070202434A65D3E5CA
:109AA0006249D4F890008A6D22F0070202438A6569
:109AB000E4E52E461AE52E4600E62E46ABE42E4699
:109AC000E6E42E4602E52E46A5E52E4663E62E4642
:109AD00073E65649CA6A42F40032CA62002DABD01E
:109AE0002E4676E65148C16A41F40031C162002D2C
:109AF0007FF4DCAEE0E64D49CA6A42F40032CA6245
:109B0000002DE4D109E7201DFFF7DCFA05462368A4
:109B1000002DDAD114E7022104F12400FFF74CFBF9
:109B200005462368002DC6D1C0E54049CA6A42F403
:109B30000032CA62002D7FF438ADA1E73B49CA6A02
:109B400042F40032CA62002DB3D1D4E6012104F1FF
:109B50002400FFF731FB05462368002DAFD190E4C8
:109B6000012104F12400FFF727FB05462368002D9F
:109B7000A7D1A3E4022104F12400FFF71DFB054651
:109B80002368002D7FF47AAFB0E5022104F12400B0
:109B9000FFF712FB05462368002D7FF46DAFC5E586
:109BA0000221201DFFF78EFA05462368002D84D17F
:109BB0002AE4022104F12400FFF7FEFA23680028BA
:109BC0003FF4D8AD0126D5E5022104F12400FFF7CA
:109BD000F3FA236800283FF4BFAD0126BCE500215D
:109BE00004F12400FFF7E8FA23680546FFF7AABB53
:109BF0002368FFF785BB002104F12400FFF7DCFA9E
:109C000023680546FFF7BFBB002104F12400FFF7DE
:109C1000D3FA23680546FFF7D8BB002104F12400DE
:109C2000FFF7CAFA236805460BE400BF0044025858
:109C3000004802580021201DFFF744FA236805461A
:109C400045E6002104F12400FFF7B6FA2368054633
:109C50003DE633493546CA6A42F40032CA6236E606
:109C600002212430FFF7A8FA0646002E3FF43AAB53
:109C7000BEE70121201DFFF725FA05462368002DC8
:109C80007FF4FBAC0CE70121201DFFF71BFA054612
:109C90002368002D7FF4D7ACFAE60121201DFFF7E1
:109CA00011FA05462368002D7FF40DAF5EE603260A
:109CB000236835467DE40126FFF722BB1848C16AB8
:109CC00041F40031C162FFF714BBFAF70BF9DFF87A
:109CD0005080074641F2883904E0FAF703F9C01BC7
:109CE0004845E4D8D8F870309B07F6D5D4F8B030A2
:109CF0007DE60B480B4A016902EA131221F47C51FC
:109D00000A4302617EE623682E4652E40126354668
:109D10004CE40126354697E401263546AEE400BF03
:109D200000440258CFFFFF0008B5FFF77DF9054B4F
:109D3000054A1B6AC3F30213D35C03F01F03D84028
:109D400008BD00BF004402582C430124584B70B496
:109D5000996A9D6ADE6A15F47C3FC5F30532DC6BB7
:109D60005CD0C4F3CC0406F0100601F0030106FB3E
:109D700004F4012907EE904AB8EEE77A03D00229ED
:109D800075D000294FD007EE902ADFED4A6AF8EE31
:109D9000E77A9B6B86EEA76A9FED475AC3F30803E9
:109DA00006EE903AF7EE005AF8EEE66AE7EE056A3C
:109DB00076EEA56A66EE266A3D4AB7EE006A936BB8
:109DC000C3F3462307EE103AB8EEC77A70BC37EEFD
:109DD000067AC6EE877AFCEEE77AC0ED007A936BDE
:109DE000C3F3064307EE103AB8EEC77A37EE067AA9
:109DF000C6EE877AFCEEE77AC0ED017A936BC3F387
:109E0000066307EE903AF8EEE77A77EE867A86EE0A
:109E1000A77ABCEEC77A80ED027A704770BCC0E9C1
:109E20000022826070471968890627D51C6807EEF2
:109E3000902A2249F7EE005A9B6BC4F3C102F8EE58
:109E4000E77A9FED1D5AC3F30803D14006EE903A1E
:109E500006EE101AF8EEE66AB8EEC66AE7EE056A94
:109E600086EE277A76EEA56A66EE876AA4E707EEA5
:109E7000902ADFED136AF8EEE77A8AE707EE902A78
:109E80009FED105A9B6BB7EE006AF8EEE77ADFEDB4
:109E90000A5AC3F30803C5EE276A07EE903AF8EEB4
:109EA000E77AE7EE257A77EE867A66EEA76A83E7A9
:109EB000004402580024744A000000390090D00386
:109EC0000024744B0024744C584B70B4996A9D6AFA
:109ED000DE6A15F07C7FC5F305525C6C5CD0C4F380
:109EE000CC0406F4807601F0030106FB04F401299A
:109EF00007EE904AB8EEE77A03D0022975D0002920
:109F00004FD007EE902ADFED4A6AF8EEE77A1B6C35
:109F100086EEA76A9FED475AC3F3080306EE903A10
:109F2000F7EE005AF8EEE66AE7EE056A76EEA56A05
:109F300066EE266A3D4AB7EE006A136CC3F3462309
:109F400007EE103AB8EEC77A70BC37EE067AC6EE66
:109F5000877AFCEEE77AC0ED007A136CC3F3064310
:109F600007EE103AB8EEC77A37EE067AC6EE877A71
:109F7000FCEEE77AC0ED017A136CC3F3066307EEDB
:109F8000903AF8EEE77A77EE867A86EEA77ABCEE1C
:109F9000C77A80ED027A704770BCC0E90022826007
:109FA00070471968890627D51C6807EE902A224950
:109FB000F7EE005A1B6CC4F3C102F8EEE77A9FED8E
:109FC0001D5AC3F30803D14006EE903A06EE101A6C
:109FD000F8EEE66AB8EEC66AE7EE056A86EE277A1C
:109FE00076EEA56A66EE876AA4E707EE902ADFEDB3
:109FF000136AF8EEE77A8AE707EE902A9FED105A87
:10A000001B6CB7EE006AF8EEE77ADFED0A5AC3F38D
:10A010000803C5EE276A07EE903AF8EEE77AE7EE16
:10A02000257A77EE867A66EEA76A83E700440258BF
:10A030000024744A000000390090D0030024744BBF
:10A040000024744C584B70B4996A9D6ADE6A15F40A
:10A050007C7FC5F305125C6B5CD0C4F3CC0406F0C6
:10A06000010601F0030106FB04F4012907EE904A02
:10A07000B8EEE77A03D0022975D000294FD007EE59
:10A08000902ADFED4A6AF8EEE77A1B6B86EEA76A44
:10A090009FED475AC3F3080306EE903AF7EE005AD5
:10A0A000F8EEE66AE7EE056A76EEA56A66EE266ADF
:10A0B0003D4AB7EE006A136BC3F3462307EE103A2E
:10A0C000B8EEC77A70BC37EE067AC6EE877AFCEE39
:10A0D000E77AC0ED007A136BC3F3064307EE103A3C
:10A0E000B8EEC77A37EE067AC6EE877AFCEEE77AE4
:10A0F000C0ED017A136BC3F3066307EE903AF8EEF6
:10A10000E77A77EE867A86EEA77ABCEEC77A80ED9C
:10A11000027A704770BCC0E90022826070471968FB
:10A12000890627D51C6807EE902A2249F7EE005AC7
:10A130001B6BC4F3C102F8EEE77A9FED1D5AC3F31F
:10A140000803D14006EE903A06EE101AF8EEE66AE1
:10A15000B8EEC66AE7EE056A86EE277A76EEA56A5D
:10A1600066EE876AA4E707EE902ADFED136AF8EE41
:10A17000E77A8AE707EE902A9FED105A1B6BB7EE3D
:10A18000006AF8EEE77ADFED0A5AC3F30803C5EE7A
:10A19000276A07EE903AF8EEE77AE7EE257A77EE4F
:10A1A000867A66EEA76A83E7004402580024744A60
:10A1B000000000390090D0030024744B0024744C3C
:10A1C000B0F5807F00B585B048D0B0F5007F11D0E4
:10A1D000B0F5806F00F08280B0F5006F52D0B0F51E
:10A1E000805F2CD0B0F5002F00F09680002005B0E5
:10A1F0005DF804FB534A136D03F4E073802B59D0D0
:10A2000012D9C02B26D0B3F5807FEFD1D36C13F0D9
:10A2100040535BD0B3F1805F00F08D80B3F1005FFD
:10A22000494818BF0020E2E7002B3CD0402BDDD18D
:10A2300001A8FFF78BFD019805B05DF804FB414ACA
:10A24000136D03F4E043B3F5005F33D029D9B3F5C0
:10A25000405F58D13D4805B05DF804FB394B1B6D9C
:10A2600003F00703042BC1D801A252F823F000BF6A
:10A27000A7A2002431A20024B5A2002455A20024E4
:10A28000C3A200242F4A936D03F0E063B3F1007F73
:10A2900010D01DD9B3F1407FDCD0B3F1806FB5D0C1
:10A2A000A4E7002B34D101A8FFF7CCFE029805B03B
:10A2B0005DF804FB01A8FFF707FE019805B05DF803
:10A2C00004FB204BDB6C13F04053A3D120488EE7F6
:10A2D000002BE8D0B3F1807FAAD087E7194A936DAD
:10A2E00003F46003B3F5800FE4D005D8002BDAD077
:10A2F000B3F5001F9CD079E7B3F5C00FAAD0B3F532
:10A30000000F83D072E7B3F5804F3FF47FAF6DE766
:10A31000B3F5805F8CD069E70A4A936D03F440334C
:10A32000B3F5803F09D0B3F5003F3FF46FAF002B8A
:10A330007FF45CAF7CE7074859E701A8FFF7C4FD4D
:10A34000039854E7004402580024F4000080BB0046
:10A350000090D00300093D0008B5FEF7ABFC064BAA
:10A3600006499B69064AC3F30323CB5C03F01F0332
:10A37000D840106008BD00BF004402582C4301249F
:10A380009C050020F8B501680546AC4B99421FD0EA
:10A39000203399421CD003F57873994258D020336A
:10A3A000994255D003F57873994200F01E8120330D
:10A3B000994200F01A8195F89130A14E03F0FF0206
:10A3C0006BB9284685F89020F8F780FB296806E0ED
:10A3D0009C4E95F8913003F0FF02002BF1D09A4B80
:10A3E0009A4A1B68A2FB03230A681B0B22F48032E3
:10A3F0009B000A6023B30C68013B14F48034F9D14C
:10A40000022385F89130EB68012B00F01081022BBC
:10A4100015BF032023200227222715BF4FF0010C70
:10A420004FF0210C00222022AB68013B042B00F2EC
:10A430004B81DFE813F0CF001000D6000F00D200F0
:10A44000D5F89430012043F04003C5F89430F8BDAE
:10A450007F4EBEE73A464FF400672B6A3260002B0E
:10A4600044D0764B994200F01E817A48081AB0FA1F
:10A4700080F04009002840F01681774B994200F0A7
:10A480000C812033994200F00881744B994200F00E
:10A49000FE802033994200F0FA80714B994200F01F
:10A4A0000881704B994200F00A81AB6900EB800093
:10A4B000B3F5002F4FEA400300F0E280AA6A296A50
:10A4C000B2F1806F0CBF0222012201FB02F21202E4
:10A4D000B3FBF2F3644AA2FB0312D20802EB82013F
:10A4E000A3EB4103092B08BF01326A626B6833F0AA
:10A4F00002032B6D40F09680012B14BF4FF40074C3
:10A500000024F9F707FD696CB0F5005FD5E900326A
:10A5100042EA0102A96C42EA0102E96C42EA010244
:10A52000E96A42EA0102696942EA010272D3A96951
:10A5300018680A43A96A0A434C490140196029690D
:10A540000A4319680A43696A42EA015248493A4390
:10A5500022431A605A68286B1140EA690243686B0B
:10A560005960024359680A4342495A609A68114047
:10A570006A6E9960E96D98680A43296E0A43696DAD
:10A5800001390A43A96D013942EA012202434FF21F
:10A5900020009A60D968AA6E0140D960E96ED86837
:10A5A0000A43696F42EA0142296F013942EA0122F6
:10A5B000224902438B42DA6019D0294A934216D0CD
:10A5C00000230122C5F89430184685F8903085F8AC
:10A5D0009120F8BD4FF480673FE702464FF40067D3
:10A5E0003BE762464FF4006737E7234EF1E6736CB2
:10A5F00023F00103736495F83830012BE0D1D5E9DD
:10A600000F23013A43EA02137364736C43F00103AE
:10A610007364D5E7A96918680A43184901401960AD
:10A62000A96A8DE7012B08BF4FF4007469E7132076
:10A6300012274FF0110C1022F6E600BF045801401B
:10A6400000540058005801409C0500201BECCB959D
:10A65000005C014024580140045C0140046001405A
:10A660000454005824540058CDCCCCCC10C005F074
:10A67000F01FFFFF0080F8FF0060014010C005F8E8
:10A680002A6A696D01FB02F2B3FBF2F322E74FF491
:10A690000070FFF795FD2968FFE64FF40070FFF7A3
:10A6A0008FFD2968F1E64FF48070FFF789FD296876
:10A6B000E3E64FF48060FFF783FD2968F1E64FF48D
:10A6C0000060FFF77DFDF0E60027C6E6022938B5F9
:10A6D000044635D9C81E012830D80020236760649D
:10A6E000E064E065A0664FF6FF706067606830F078
:10A6F00002000CBF0125002504294FF40031256517
:10A700000CBF01200D2021664FF48021A0656166F9
:10A71000032A13D8DFE802F0474E54362368484A2C
:10A72000934205D002F1C052A2F58232934205D184
:10A730006368012B02D1636C002B2FD0012038BD40
:10A74000002023676064E064A066606830F0020067
:10A7500014BF0120002020654FF48030E0654FF6E3
:10A76000FF70606713F00100E8D14D1E012D29D85C
:10A7700060664FF400302066032ADFD8DFE802F07D
:10A780005546362CE0215B018022A1646365E266B8
:10A79000F9F7C0FB94F83830012BBFD02046BDE854
:10A7A0003840FFF7EFBD80211B014022A1646365A3
:10A7B000E266EDE780225B01A2646365E266E7E79B
:10A7C000C021E0E720664FF480206066032AB5D8F8
:10A7D000DFE802F02B1C0C025B08E02080219A01CC
:10A7E000A0645B01E166C4E91523D1E75B08C022E0
:10A7F000802502294FEA8310A2644FEA4313E566DD
:10A800006065A365C4D10823A366C1E75B08802205
:10A8100002294FEA8310A2644FEA4313E266C4E9B7
:10A820001503B5D11023A366B2E75B088020402151
:10A830005A01A0641B01E166C4E91523A8E700BF23
:10A840000458014018B338B590F82C3004460D4632
:10A8500003F0FF02B3B12146022384F82C3051F8F3
:10A86000040B00F051F862682946206800F08AF86D
:10A87000084A01210020136843F00043136084F864
:10A880002C1038BD80F82D20F6F75CFBE3E70120A3
:10A89000704700BF0040005270B590F82C3004465D
:10A8A000022BD8B204D000F0FB06012E01D001200B
:10A8B00070BD02230D46206884F82C3000F0AEF8FD
:10A8C0002B68022B03D0002084F82C6070BD052378
:10A8D000002084F82C3070BD38B590F82C30044638
:10A8E000022BD8B205D094F82C30012BDDB201D068
:10A8F000012038BD0223206884F82C3000F0A2F833
:10A90000002084F82C5038BD0B6810B4D3B904680B
:10A91000A3F500434A6823401343D1E9024223438D
:10A920001343D1E9044223431343D1E906422343AD
:10A930001343D1E9084223435DF8044B13430360FA
:10A94000002070470268D1E9074322F4F84222430D
:10A950004C6A1A430A4B2243026042681340D1E911
:10A96000014223431343D1E9034223431343D1E973
:10A97000054223435DF8044B1343436000207047B6
:10A980000080FFFF30B40ABB8368D1E9002403F0E4
:10A990007043013C013A43EA04131343D1E9022412
:10A9A000013A013C43EA022343EA0432D1E9043488
:10A9B0008969013B013C013942EA034343EA0453FC
:10A9C00043EA016330BC8360002070478268CC6832
:10A9D000114B013C13404A6943EA0433541E43EAD5
:10A9E0000454D1E900258460C3686C1E013A03F069
:10A9F000704343EA04130C691A438B68013C89696C
:10AA0000013B013942EA032343EA044343EA016379
:10AA100030BCC36000207047FF0F0FFF0246D1E932
:10AA2000003010B403431469D1E9021023435DF8E8
:10AA3000044B013943EA4023002043EA41131361E8
:10AA4000704700BF0246054B002010B454692340F4
:10AA50005DF8044B43EA41015161704701C0FFFFBB
:10AA600084B0844600B583B00DF1140E8EE80E005C
:10AA70000A9B012B32D1826BA3F14213119922F46C
:10AA8000803201298263C26803EA0203C360C3689B
:10AA900023F44013C3606DD00023394A009303E0D0
:10AAA000DCF81030002B34DB009B01339342009321
:10AAB000F6D90320089B012B0BD1DCF8083043F0BA
:10AAC0000803CCF80830DCF8083043F02003CCF859
:10AAD000083003B05DF804EB04B07047C368002190
:10AAE000274A43F04003C360019103E0DCF81030D3
:10AAF000002B2ADB019B013393420193F6D90320FB
:10AB00000E9BDBB9DCF8383043F48033CCF83830B6
:10AB1000D0E700231A4A0093DCF8103043F0010319
:10AB2000CCF8103004E0DCF8100010F00100C1D0C7
:10AB3000009B013393420093F5D9BAE7DCF8383033
:10AB400023F48033CCF83830B4E700230C4A019367
:10AB5000DCF8103043F00103CCF8103004E0DCF8EE
:10AB6000100010F00100CBD0019B01339342019300
:10AB7000F5D9C4E7C36843F48013C3608CE700BF12
:10AB8000400D0300022A82B0844613D009230193AA
:10AB9000DCF80C30002023F47053CCF80C30019B0F
:10ABA000DCF80C209B0203F470531343CCF80C30F8
:10ABB00002B07047224B234A0B44934207D9224BE1
:10ABC000224A0B44934205D80E230193E0E70F235A
:10ABD0000193DDE71E4B1F4A0B44934207D91E4BDE
:10ABE0001E4A0B44934205D20C230193D0E70D2358
:10ABF0000193CDE71A4B1B4A0B44934202D80B2317
:10AC00000193C5E7184B194A0B44934202D20A2319
:10AC10000193BDE7164B174A0B449342B6D3164B2C
:10AC2000164A0B44934202D208230193B0E7144B17
:10AC3000144A0B44934234BF072306230193A7E72A
:10AC4000405327FFFF340C00401E1BFF3F420F0004
:10AC500000DC0BFF7F4F1200808CF9FE20D6130022
:10AC600060B6E5FE5FE3160000D3CEFE40771B0022
:10AC7000C05BB3FEC091210000CA91FE2075380070
:10AC8000E05459FEE09C4100034600209A6842F0DF
:10AC900001029A60704700BF034600209A6822F0C4
:10ACA00001029A60704700BF08B5C368012923F00C
:10ACB000C043C3600BD041B9C36843F08043C36055
:10ACC0003220F9F715F9002008BD012008BDC3683E
:10ACD00043F00053C360F3E784B02DE9F04782B03E
:10ACE0000BAC0E9D84E80E000023159CC0F80431C7
:10ACF000C0F80831C0F80C31C0F81031C0F8143178
:10AD0000C0F81831C0F81C31C0F82031C0F8243127
:10AD1000C0F82831C0F82C31C0F83031C0F83431D7
:10AD2000C0F83831C0F83C31836B002C40F0AC8067
:10AD300023F400138363036843F040030360036854
:10AD400043F080030360002300F5006CC0F8003E70
:10AD5000D0F80038C0F80038109B012B00F0A98013
:10AD6000D0F8003843F00303C0F800380023584AF5
:10AD700000934FF48463036104E0036913F020033C
:10AD800000F08680009B013393420093F5D90122A5
:10AD900000234F4E01931023036102E00369DB0699
:10ADA00005D5019B0133B3420193F7D90122002657
:10ADB000CCF81060CCF81460CCF81C60E9B100F558
:10ADC00010634FF090494FF0006AB6464FF67F3857
:10ADD00009E0C3F800E00136C3F810E0C3F80880CA
:10ADE00020338E4231D01F68002FF2DA16B1C3F83B
:10ADF0000090F0E7C3F800A0EDE7DCF81030012D7B
:10AE000023F48073CCF8103044D0002383616FF0BA
:10AE1000804343611DB9836943F0100383618169F5
:10AE20002C4B0B431199836119B1836943F00803DB
:10AE30008361012C03D18169274B0B438361104649
:10AE400002B0BDE8F04704B07047002600F530635B
:10AE50004FF090494FF0006AB6464FF67F3809E050
:10AE6000C3F800E00136C3F810E0C3F808802033CF
:10AE70008E42C2D01F68002FF2DA16B1C3F80090DC
:10AE8000F0E7C3F800A0EDE743F4001383635AE74B
:10AE90001A467DE7114BCCF83030114BDCF83010FE
:10AEA0000B430021CCF830306FF080438161436167
:10AEB000B5E70D9B23B9D0F80038C0F8003855E746
:10AEC000D0F8003843F00103C0F800384EE700BF67
:10AED000400D030000383C80040000400001800069
:10AEE00003000100890182B000230A4A41F02001D9
:10AEF0000193016103E0036913F0200307D0019B74
:10AF0000013393420193F6D9032002B070471846EB
:10AF100002B07047400D0300D0F8083882B003F04B
:10AF200006030193019838B10198022804D0019BCF
:10AF3000062B0CBF02200F2002B0704730B44B78B4
:10AF40000A78012B20D002F00F0C4FF48033D0F898
:10AF50001C4800EB421203FA0CF32343C0F81C38E0
:10AF6000D2F8003B1B040CD48B68D2F8004BC3F31F
:10AF70000A03C8781449234343EA80431943C2F8BB
:10AF8000001B002030BC704700F5006402F00F0584
:10AF900000EB4210AB40E5692B43E361D0F8003988
:10AFA0001C04EED48B68D0F80059C3F30A03CC78A4
:10AFB00005492B4343EA844343EA8252114330BCA0
:10AFC000C0F80019002070470080001010B44A78C3
:10AFD0000B78012A1CD003F00F014FF48032D0F817
:10AFE0003C4800EB43138A40174924EA0204C0F8A6
:10AFF0003C48D0F81C4824EA02025DF8044BC0F833
:10B000001C280020D3F8002B1140C3F8001B704708
:10B0100003F00F01D0F83C4800EB43138A400B4982
:10B0200024EA0204C0F83C48D0F81C4824EA020292
:10B030005DF8044BC0F81C280020D3F8002911400B
:10B04000C3F80019704700BF0078F3EF007833ECC5
:10B050002DE9F0414B7891F800C0012B51D000EB65
:10B060004C1C844CDCF8105B0CF530632C401C61EC
:10B07000814C1D692C401C614C6984B38D68012A88
:10B080007E4E2C4404F1FF34B4FBF5F406EAC44EC2
:10B09000A4B205FB04F41D694EEA0505C4F31204CD
:10B0A0001D611D6944EA05041C6125D0CB78012B84
:10B0B0000CD1D0F8083813F4807FDCF8003B0CBFCB
:10B0C00043F0005343F08053CCF8003BDCF8003BE6
:10B0D00043F00443CCF8003B0020BDE8F0818C68CD
:10B0E000012A1D69C4F3120444EA05041C611C69A9
:10B0F00044F400241C61D9D1CA68002AD6D05A6110
:10B10000D4E74D69002D3DD000EB4C14594ED1F8D9
:10B1100008E0D4F81089584F08EA0606C4F8106908
:10B1200005EB0E06013EB6FBFEFED4F81069374073
:10B13000524EC4F8107906EACE46D4F810793E4350
:10B14000C4F81069C5F31206D4F810793E43C4F868
:10B15000106904F5106691F803E0BEF1010F57D0B5
:10B16000012A72D0D4F800290CF00F0C42F00442EE
:10B1700003FA0CF3C4F80029D0F834281343C0F8BC
:10B180003438A9E700EB4C133B4E3A4C012AD3F874
:10B19000107906EA0706C3F81069D3F8106946F477
:10B1A0000026C3F81069D3F8106904EA060403F511
:10B1B0001066C3F8104991F803E03AD0D3F800497B
:10B1C000BEF1010F44F00444C3F8004984D1D0F823
:10B1D000083813F4807F33680CBF43F0005343F00A
:10B1E00080533360002A7FF477AFADB20335AD08EA
:10B1F0003FF472AFCB6800EB0C3C03EB85010CF520
:10B20000805C53F8042B8B42CCF80020F9D163E723
:10B210003369012A23F0C0433361336943F000539B
:10B22000336117D0D4F8003943F00443C4F800392F
:10B23000CDE70B6963B9BEF1010F0ED03368002072
:10B2400043F004433360BDE8F0810B69002BF5D077
:10B250007361F0E70B69002BFAD1D0F8083813F4CA
:10B26000807F33680CBF43F0005343F0805333605A
:10B27000E4E700BF0000F8FFFFFF07E00000F81F51
:10B28000F0B54C780B78012C26D000EB4310574CCE
:10B29000D0F8105B00F530632C401C61544C1D69E4
:10B2A0002C401C614C69A4B98C681D69C4F312045C
:10B2B000012A45F400251D611D6944EA05041C614D
:10B2C00049D0D0F8003B43F00443C0F8003B0020D5
:10B2D000F0BD8C684C61E8E74C69002C40D000EB75
:10B2E0004315424FD1F808E0D5F810C9404E7445D7
:10B2F0000CEA070705F5106CC5F81079D5F8107938
:10B3000006EA0706C5F8106958D9DCF81040012A8A
:10B31000C1F814E044F40024CCF81040CEF3120439
:10B32000DCF8106044EA0604CCF810403AD0D5F8B6
:10B33000002942F00442C5F80029BEF1000FC6D032
:10B3400003F00F010123D0F834288B401343C0F8D9
:10B3500034380020F0BDCA68002AB2D05A61B0E784
:10B3600000EB4310224B012AD0F8104900F5106C75
:10B3700003EA0403CCF81030DCF8103043F4002367
:10B38000CCF81030194BDCF8104003EA0403CCF879
:10B39000103007D0D0F8003943F00443C0F800392A
:10B3A0000020F0BD0B690BB1CCF81430DCF8003094
:10B3B000002043F00443CCF80030F0BDDCF810600E
:10B3C000C4F31204012A46F40026CCF81060DCF81D
:10B3D000106044EA0604CCF81040E3D0D5F8002908
:10B3E00042F00442C5F80029AAE700BF0000F8FFB8
:10B3F000FFFF07E010B49DF8044064B903339B08D5
:10B4000009D0013201EB830300EB023051F8042B29
:10B410008B420260FAD100205DF8044B704700BFF8
:10B42000033292080AD000F5805C01EB8200DCF860
:10B43000003041F8043B8842F9D170470846704714
:10B440004A780B78012A00EB43100CD0D0F8002B7F
:10B450000BB1002A14DAD0F8003B43F40013C0F813
:10B46000003B00207047D0F80029002A00DB73B9A8
:10B47000D0F8003943F40013C0F8003900207047B9
:10B48000D0F8003B23F08043C0F8003BE3E7D0F85E
:10B49000003923F08043C0F80039D0F8003943F474
:10B4A0000013C0F80039E9E74A780B78012A00EB6D
:10B4B000431013D0D0F8003B23F40013C0F8003B36
:10B4C000CB78023B012B01D900207047D0F8003B1C
:10B4D00043F08053C0F8003B00207047D0F800399B
:10B4E00023F40013C0F80039CB78023B012BEBD8D2
:10B4F000D0F8003943F08053C0F80039002070477D
:10B50000034609010020D3F8002801F4FE6122F46B
:10B51000FE62C3F80028D3F800281143C3F80018CE
:10B52000704700BF08B503460320D3F8042822F073
:10B530000202C3F80428F8F7DBFC002008BD00BFB6
:10B5400008B503460320D3F8042842F00202C3F8EA
:10B550000428F8F7CDFC002008BD00BF82B0436985
:10B5600001938269019B13400193019802B07047D7
:10B5700082B0D0F818380193D0F81C28019B1340F2
:10B5800001930198000C02B0704700BF82B0D0F860
:10B5900018380193D0F81C28019B1340019301989F
:10B5A00080B202B0704700BF00EB411182B0D1F809
:10B5B000083B0193D0F81428019B13400193019894
:10B5C00002B0704784B0D0F8103801F00F0C00EBD7
:10B5D00041110293D0F834380393039B029A23FA63
:10B5E0000CF3DB01DBB213430293D1F80839029A62
:10B5F00013400193019804B0704700BF406900F008
:10B6000001007047D0F8001900F500630A4A0A40AB
:10B61000C0F800299A6802F00602042A05D1D0F881
:10B62000002942F00302C0F800295A68002042F4C1
:10B6300080725A60704700BF00F8FFFF144B10B4CF
:10B64000046C9C421AD800F5306000230129036184
:10B65000036943F400230361036943F018030361A2
:10B66000036943F0C043036104D14261036843F0BE
:10B670008023036000205DF8044B7047D0F8003B46
:10B6800000F53060002BE0DA00205DF8044B7047D5
:10B690000A30544FD0F8002401F00303012900F5CB
:10B6A000806C22F00302C0F80024D0F8002443EAA2
:10B6B0000203C0F8003409D0022901D000207047ED
:10B6C00041F270730020CCF8043070474BF68033A1
:10B6D0000020CCF804307047D0F8140480B27047D2
:10B6E00000EB4111002382B001F5A0620193D1F873
:10B6F000003513F4802FD1F8003543F08043C1F8B2
:10B70000003522D1C36A13F47F0FD1F8003523D15D
:10B7100023F00043C1F80035D1F8003543F0004371
:10B72000C1F80035D1F8003523F40043C1F80035E5
:10B7300002E01368002B13DA019B0133B3F57A7F23
:10B740000193F6D9002002B07047D0F8103413F4FA
:10B750007F0FD1F8003506D043F00043C1F8003523
:10B76000002002B0704723F00043C1F80035D1F843
:10B77000003543F00043C1F80035D1F8003523F41B
:10B780000043C1F8003502E01368002BE8DA019BA2
:10B790000133B3F57A7F0193F6D9002002B07047E8
:10B7A00030B4002484B04FF48465AA4A0094014662
:10B7B000836823F0010383600394056102E00B6951
:10B7C000980604D5039B013393420393F7D90020D5
:10B7D0001023A04A02900B6102E00B69DB0604D53E
:10B7E000029B013393420293F7D9D1F8003501F55A
:10B7F000A06201F5E0600193019B43F08043019357
:10B80000019B23F000430193019B23F40043019328
:10B81000019BC1F80035D1F820350193019B43F01D
:10B8200080430193019B23F000430193019B23F488
:10B8300000430193019BC1F82035D1F840350193B5
:10B84000019B43F080430193019B23F0004301934C
:10B85000019B23F400430193019BC1F84035D1F8CB
:10B8600060350193019B43F080430193019B23F0DA
:10B8700000430193019B23F400430193019BC1F812
:10B880006035D1F880350193019B43F080430193EB
:10B89000019B23F000430193019B23F40043019398
:10B8A000019BC1F88035D1F8A0350193019B43F08D
:10B8B00080430193019B23F000430193019B23F4F8
:10B8C00000430193019BC1F8A035D1F8C035019325
:10B8D000019B43F080430193019B23F000430193BC
:10B8E000019B23F400430193019BC1F8C035D1F8BB
:10B8F000E0350193019B43F080430193019B23F0CA
:10B9000000430193019B23F400430193019BC1F881
:10B91000E035D1F800360193019B43F08043019359
:10B92000019B23F000430193019B23F40043019307
:10B93000019BC1F80036D1F820360193019B43F0FA
:10B9400080430193019B23F000430193019B23F467
:10B9500000430193019BC1F82036D1F84036019392
:10B96000019B43F080430193019B23F0004301932B
:10B97000019B23F400430193019BC1F84036D1F8A9
:10B9800060360193019B43F080430193019B23F0B8
:10B9900000430193019B23F400430193019BC1F8F1
:10B9A0006036D1F880360193019B43F080430193C8
:10B9B000019B23F000430193019B23F40043019377
:10B9C000019BC1F88036D1F8A0360193019B43F06A
:10B9D00080430193019B23F000430193019B23F4D7
:10B9E00000430193019BC1F8A036D1F8C036019302
:10B9F000019B43F080430193019B23F0004301939B
:10BA0000019B23F400430193019BC1F8C036D1F898
:10BA1000E0360193019B43F080430193019B23F0A7
:10BA200000430193019B23F400430193019BC1F860
:10BA3000E03613680193019B43F080430193019B1F
:10BA400043F000430193019B23F400430193019BC6
:10BA5000136004E0400D03001368002B05DA009B1F
:10BA60000133B3F57A7F0093F6D920328242E0D1D8
:10BA70004FF0FF330020C1F814344B618B6843F062
:10BA800001038B6004B030BC704700BFD0F8943223
:10BA900083B110B5D0F8904294F80002FF2807D087
:10BAA0009B68214694F801229847FF2384F80032CE
:10BAB000002010BD00207047054A03460549127852
:10BAC0000548012A12BF4322652208461A807047A2
:10BAD000180E0020140200203C010020054A0346F5
:10BAE000054912780548012A12BF432265220846FB
:10BAF0001A807047180E00201402002080010020D8
:10BB0000054A0346054912780548012A12BF432217
:10BB1000652208461A807047180E00201402002083
:10BB2000D001002003460A2201481A80704700BF56
:10BB3000C401002038B50446D0F89052F7F7E2FE71
:10BB4000D4F89032C5F80C024BB1D4F8943205F514
:10BB50000371D5F80402DB689847002038BD022045
:10BB600038BD00BF38B5D0F8905205B301EB810E57
:10BB700000EB8E0EDEF81C3063B1D0F89822C1EBDA
:10BB8000C10C02EB8C0CDCF84440B3FBF4F204FB78
:10BB9000123424B100231846C5F8143238BD2346A8
:10BBA0002246CEF81C40F7F791FE204638BD022011
:10BBB00038BD00BFF0B591F800C083B000230C463B
:10BBC0001CF060060546D0F890728DF80530ADF88F
:10BBD000063013D0202E17D1CA88EAB11CF0800F8E
:10BBE0003ED01E46D0F89432394660789B6898471C
:10BBF000E2883946284600F01DFD0AE04B780A2B02
:10BC00001FD00B2B27D083B121462846022600F0F7
:10BC1000DBFC304603B0F0BDD0F8943216464878CD
:10BC20009B689847304603B0F0BD90F87432032B00
:10BC300020D002262846214600F0C6FC304603B03C
:10BC4000F0BD90F87432032BF3D101220DF1050100
:10BC500000F0F0FCDDE790F87432032BD9D0E8E770
:10BC600049781E4687F8012287F80012394600F00D
:10BC7000F9FCCEE702220DF1060100F0DBFCC8E77B
:10BC800038B5044600258121F7F7D4FD012120466F
:10BC9000E562F7F7CFFD82212046C4F85851F7F747
:10BCA000C9FDD4F8903225644BB1D4F894325B6866
:10BCB0009847D4F8900205F0FDFAC4F8905200209D
:10BCC00038BD00BF38B5037C0446A3BB4FF40073F6
:10BCD000022281210125F7F79BFD4FF400732946CD
:10BCE0000222E5622046F7F793FD03220823822112
:10BCF000C4F858512046F7F78BFD01214FF4077027
:10BD0000216405F095FAD4F8943205461B68C4F80E
:10BD1000900298470023227C0121C5F81432C5F80F
:10BD2000183282B94FF40073D5F804222046F7F791
:10BD3000DBFD002038BD4023022281210125F7F7D9
:10BD400067FD4023CBE74023D5F804222046F7F7D0
:10BD5000CBFD002038BD00BF034619B10020C3F859
:10BD6000941270470220704703460020D3F89032A7
:10BD7000C3F80812C3F81022704700BF0346002022
:10BD8000D3F89032C3F80412704700BFD0F8902265
:10BD90009AB110B5D2F814420CB1012010BD0123A4
:10BDA0008121C2F81432D2F81032D2F8082203638B
:10BDB0009BB2F7F78BFD204610BD0220704700BFF5
:10BDC000D0F8902210B59AB1047C44B100244023ED
:10BDD000D2F804220121F7F787FD204610BD4FF469
:10BDE0000073D2F804220121F7F77EFD204610BD32
:10BDF0000224204610BD00BF08B580B1D0F88C32B7
:10BE000013B10023C0F88C3209B1C0F888120123A5
:10BE1000027080F87432F7F77BFC002008BD0548FB
:10BE200005F0A0FF044805F09DFF0A2005F0B2FFD1
:10BE3000022008BD904201249842012408B521B196
:10BE400003460020C3F88C1208BD054805F08AFFA0
:10BE5000044805F087FF0A2005F09CFF022008BD7A
:10BE600090420124B042012408B5F7F7C3FC00203A
:10BE700008BD00BF08B5D0F88C321BB11B689847CD
:10BE800000B908BD022008BD08B5D0F88C325B6847
:10BE90009847002008BD00BF38B500F5207504465E
:10BEA000284600F07DFB0122B4F8863294F8801217
:10BEB000C4E99B2301F01F03934209D0022B13D046
:10BEC00063B101F080012046F7F7C2FC002038BDC5
:10BED0002946204600F092FA002038BD2946204627
:10BEE00000F00AF9002038BD2946204600F0BAFAD1
:10BEF000002038BD38B5054669B91346D0F86C2224
:10BF0000032A15D0052A0C460ED1C5F86C12F7F796
:10BF10009FFC204638BDD0F88C329B6933B190F835
:10BF20007422032A02D19847002038BD022038BD70
:10BF3000D0E9531291420CD9891A8A42C0F84C11A7
:10BF400088BF8AB2194698BF92B200F099FB0020D0
:10BF500038BDD0F88C321B691BB190F87422032ACB
:10BF600004D0284600F096FB002038BD9847F8E73B
:10BF700070B5044661B9D0F86C32022B15D033F09D
:10BF8000040337D094F87832012B2ED0002070BDF6
:10BF9000D0F88C325B6933B190F87422032A02D155
:10BFA0009847002070BD022070BDD0E908630D469F
:10BFB0009E4223D8C669B6FBF3F203FB12620AB9AC
:10BFC000B34228D9D4F88C32DB681BB194F87422C0
:10BFD000032A30D080212046F7F73AFC204600F0B3
:10BFE00065FB94F87832012BD0D10023184684F8F1
:10BFF000783270BD8021F7F72BFCC3E7F31A1146A6
:10C0000003629AB200F024FB2B462A4629462046BA
:10C01000F7F76AFCB6E7D0F870329E42D2D20A46F1
:10C0200000F016FB2B462A4629462046C4F87052DB
:10C03000F7F75AFCA6E720469847CBE770B50022F1
:10C0400040260446012511463346F7F7E1FB334607
:10C05000802100222046C4F84451C4F85061F7F70B
:10C06000D7FB0021D4F89032A561666284F874523F
:10C07000C4F86C126160C4F87C1223B1D4F88C321D
:10C0800020465B689847002070BD00BF0346002033
:10C090001974704703460421002093F8742283F832
:10C0A000741283F8752270470346002093F87522B6
:10C0B00083F87422704700BF90F87422032A01D0DD
:10C0C0000020704708B5D0F88C32DB6903B198477F
:10C0D000002008BD002070470020704700207047F6
:10C0E000D0F88C22012108B580F8741201795368C8
:10C0F0009847002008BD00BF30B50B7883B00D46CF
:10C10000044603F06003202B0DD0402B0BD09BB1D5
:10C1100080212046F7F79CFB00212046F7F798FB8B
:10C12000002003B030BDD4F88C32294620469B68ED
:10C130009847002003B030BD4B78092BE8D801A206
:10C1400052F823F09FC10024CBC1002411C1002468
:10C15000E9C1002411C10024F1C1002429C2002436
:10C1600011C1002459C200246DC100248978A24D58
:10C1700001292970CCD890F87432022B00F012817A
:10C18000032B00F000818021F7F762FB002120469D
:10C19000F7F75EFB29782046FFF776FEC0E790F8B8
:10C1A0007432013B022BB3D8CB88022BB0D10122D1
:10C1B000D0F87C32C2600BB10323C360022204F1C9
:10C1C0000C01204600F036FAAAE790F87432013BE1
:10C1D000022B9DD84B88012BA2D100232046C4F806
:10C1E0007C3200F057FA9BE74B88012B98D1F5E79A
:10C1F0008B88002B8CD1CB88002B89D14D887F2D4B
:10C2000086D890F87432032B82D0E9B280F8761287
:10C21000F7F74EFB204600F03DFA002D00F0E080DD
:10C22000022384F874327BE74A88130A013B062B09
:10C230003FF66EAF01A151F823F000BFEDC200241C
:10C24000D5C20024C3C2002411C1002411C100249E
:10C25000ADC200247FC20024CA88012A7FF458AFEF
:10C2600090F87432022B00F28780002B3FF450AF1D
:10C270000146002341F8083F00F0DCF950E7037C59
:10C28000002B7FF445AFD0F88C320DF106001B6B0C
:10C29000984707234370BDF80620002A67D0EB8833
:10C2A000002B5BD1204600F0F5F939E7037C002B29
:10C2B0007FF42EAFD0F88C320DF106005B6B9847FF
:10C2C000E9E7D1B2052900F28F80DFE801F0271FEE
:10C2D00017372F3F037C002B72D1D0F88C320DF131
:10C2E00006009B6A984702234370D4E7D0F888324F
:10C2F0000DF10601007C1B689847CCE7D0F8883226
:10C300000DF10601007CDB689847C4E7D0F888325D
:10C310000DF10601007C9B689847BCE7D0F8883295
:10C320000DF10601007C5B689847B4E7D0F88832CD
:10C330000DF10601007C5B699847ACE7D0F88832C4
:10C340000DF10601007C1B699847A4E7D0F88832FC
:10C350000DF10601007C9B6998479CE79A420146D3
:10C36000204628BF1A46ADF8062000F063F9EB8896
:10C37000002B7FF4D5AE95E7032B7FF4C9AE011DEA
:10C3800000F058F9CCE621B3416801298AD0C9B23E
:10C39000FFF77AFD297820466160FFF76BFD0228E0
:10C3A00080D1B5E600293FF47DAF01210323416030
:10C3B00080F87432FFF75EFD02287FF473AFA7E6C2
:10C3C000D0F88C320DF10600DB6A984702234370E7
:10C3D00061E70223416080F87432FFF755FD61E7A1
:10C3E000012384F874329BE6D0F88C320DF10602FA
:10C3F0009B6B98474FE700BFE845002038B50B78A6
:10C400000D46044603F06002402A0AD05B0608D5B8
:10C410008021F7F71DFA00212046F7F719FA0020CE
:10C4200038BD94F87432013B022B11D82B79012BC3
:10C430000ED8D4F88C32294620469B689847EB8862
:10C44000002BECD10028EAD1204600F023F9E6E7E2
:10C4500080212046F7F7FCF900212046F7F7F8F98C
:10C46000002038BD38B50B78044603F06003202B5C
:10C470000CD0402B0AD083B180212046F7F7E8F991
:10C4800000212046F7F7E4F9002038BDD4F88C32BB
:10C4900020469B689847002038BD4B788A88012B3E
:10C4A0005FFA82FC37D0032B23D0002BE4D190F825
:10C4B0007432022B4AD0032BDED10CF00F0312068C
:10C4C00003EB830300EB830351D4D3F84431002BF7
:10C4D000D2D00CF07F03142505FB030505F5A075EC
:10C4E000002B4FD12B6002222946204600F0A2F8F3
:10C4F000CAE790F87432022B1DD0032BBCD14B88B5
:10C500002BB91CF07F0F02D0CB88002B43D02046E4
:10C5100000F0C0F8B8E790F87432022B0BD0032B70
:10C52000AAD14B88002BAFD11CF07F0FEFD0614612
:10C53000F7F79CF9EBE71CF07F0F9DD06146F7F70A
:10C5400087F980212046F7F783F99DE71CF07F0FDC
:10C5500092D111064FF000034FF002024CBF00F1E0
:10C56000140100F5A0710B6000F064F88CE79B6982
:10C57000002B81D00CF07F035D1C05EB850500EBE3
:10C580008505ADE761462046F7F77EF908B101233E
:10C59000A8E72860A7E76146F7F75AF9B7E700BFB1
:10C5A0000B7803704B784370CA788B7803EB0223C7
:10C5B00043804A790B7903EB02238380CA798B7914
:10C5C00003EB0223C380704710B504468021F7F7C0
:10C5D0003FF900212046BDE81040F7F739B900BF08
:10C5E00018B3037830B40BB30446C0F1010C04EB6C
:10C5F0000C0314F8015FDBB2002DF8D101335B00AE
:10C60000DCB2138003230C704B7004785CB10223FE
:10C6100000255A1CCC540233D2B2DBB28D5410F830
:10C62000014F002CF5D130BC7047704702242346DF
:10C63000E7E700BF10B5134602240A460021C0F800
:10C640006C42C0E90733F7F741F9002010BD00BF85
:10C650008C46002108B513466246F7F737F90020EB
:10C6600008BD00BF10B5134603240A460021C0F8D8
:10C670006C42C0E95233F7F737F9002010BD00BF14
:10C680008C46002108B513466246F7F72DF90020C5
:10C6900008BD00BF08B504210023C0F86C121A467B
:10C6A0001946F7F713F9002008BD00BF08B50521AA
:10C6B0000023C0F86C121A461946F7F715F9002046
:10C6C00008BD00BFD0F8C4230132C0F8C4230278EB
:10C6D0000B2A00D07047D0F87C33002BFAD09B692E
:10C6E000184700BF012380F823337047002380F8E8
:10C6F00023337047034600220121104683F820139C
:10C7000083F8212383F82223704700BF38B5012323
:10C710000025044680F8213380F8235380F8205305
:10C72000F7F7B6FA2179204600F006F8617920463D
:10C7300000F002F8284638BD0A2907D800EB81002E
:10C74000D0F88433C3F30E03C0F88433002070475D
:10C750000C4A82B00C4BD2F8DC1041F04001C2F818
:10C76000DC10D2F8DC2002F040020192019A1A6833
:10C7700022F020021A601A6842F004021A6002B025
:10C78000704700BF004402580018024870B50023EB
:10C7900004464FF4806204214FF440353448C4F815
:10C7A0004021C4F8DC10C4F83C31C4F854113149BC
:10C7B000C4F8B800C4F83011C4E93132C4E93333E5
:10C7C000C4E93535C4E93933C4E95133C4E95335D3
:10C7D000C4E95733A2680323C4F8E030C4F85831E1
:10C7E000042A0AD8DFE802F01F262D340300552260
:10C7F0005623C4F8BC20C4F834310022402304F18D
:10C80000B805C4F8C0202846C4F83831F8F72CFB26
:10C8100008B1FFBEFEE704F598763046F8F724FB32
:10C82000E8B1FFBEFEE725222623C4F8BC20C4F8E9
:10C830003431E2E727222823C4F8BC20C4F834317D
:10C84000DBE73D223E23C4F8BC20C4F83431D4E7F2
:10C8500053225423C4F8BC20C4F83431CDE704F18A
:10C860002803C4E92A65C4F8F030C4F8683170BD03
:10C8700040040240580402402DE9F04F814683B045
:10C880000E4617461D4600F12804204602F0D4FC4F
:10C8900001288246F9D14846FFF778FF80460028F4
:10C8A00035D1EFF31083019372B6DFF888B00C9B9B
:10C8B00099F90820DFF880A0DFF88090CBF80030ED
:10C8C0000D9B89F80020CAF800300DB11846A84722
:10C8D000BAB23146204602F04BF830B9019B03B999
:10C8E00062B6404603B0BDE8F08F0023CBF80030BD
:10C8F000CAF80030FF2389F800300C9B8BB101216E
:10C900000D9888469847019B002BEAD1E8E70C9BDD
:10C9100053B1D0460D9851469847404603B0BDE804
:10C92000F08F4FF00108D9E7D046404603B0BDE88C
:10C93000F08F00BF3C5000204450002040500020A9
:10C940002DE9F04F814683B00E4617461D4600F193
:10C950002804204602F070FC01288246F9D148469E
:10C96000FFF714FF8046002835D1EFF310830193C1
:10C9700072B6DFF888B00C9B99F90820DFF880A028
:10C98000DFF88090CBF800300D9B89F80020CAF8C2
:10C9900000300DB11846A847BAB23146204602F021
:10C9A0008DF930B9019B03B962B6404603B0BDE8CA
:10C9B000F08F0023CBF80030CAF80030FF2389F84D
:10C9C00000300C9B8BB101210D9888469847019B44
:10C9D000002BEAD1E8E70C9B53B1D0460D985146A5
:10C9E0009847404603B0BDE8F08F4FF00108D9E703
:10C9F000D046404603B0BDE8F08F00BF3C50002059
:10CA000044500020405000202DE9F04F814683B073
:10CA10000F461646984600F12804204602F00CFC0A
:10CA20000128FAD182464846FFF7B0FE05460028A5
:10CA300038D1EFF31083019372B699F90830DFF81B
:10CA40008890DFF888B089F800300D9BDFF880A06F
:10CA5000CBF800300E9BCAF800300C9B0BB10E983F
:10CA600098471FFA88F33A463146204602F02EF8DE
:10CA700030B9019B03B962B6284603B0BDE8F08F18
:10CA80000023CBF80030CAF80030FF2389F80030CB
:10CA90000D9B8BB101210E980D469847019B002BF1
:10CAA000EAD1E8E70D9B4BB155460E9851469847A1
:10CAB000284603B0BDE8F08F0125DAE75546284641
:10CAC00003B0BDE8F08F00BF405000203C50002074
:10CAD000445000202DE9F043002387B00222044691
:10CAE00005690493CDE90223D0E902128E00FAB160
:10CAF000022D7AD02178B5FA85F54FF00108276A22
:10CB00000B294FEA551521D1A2780B2A02D0B8F192
:10CB1000000F38D123790B2B01D0002D6CD1A379D4
:10CB200017B10B2B40F09980002007B0BDE8F083CF
:10CB300035F002032178276A0CBF4FF001084FF04F
:10CB40000008023D18BF01250B29DDD07D4B94F86C
:10CB500001C053F8262010780B2802D0884200F03C
:10CB6000AD80D378D01C994202D10B2B40F0BD8010
:10CB70009379901D8B4202D10B2B40F0BC80012099
:10CB800007B0BDE8F083711C6E4BE07853F821309C
:10CB900019780B2902D08A4200F0B580D97803F1C8
:10CBA000030C0B2902D08A4200F0BB80997903F173
:10CBB000060C0B29E3D08A42E1D1DB798342DED136
:10CBC000634604F102099B7848460593F7F76EF82F
:10CBD00080464846F7F772F801A901904046F9F7F8
:10CBE0000DF823790B2B98D199E70178076A0B2967
:10CBF00040F0868001258DE7B11C524A607952F8D9
:10CC0000212011780B2902D08B4200F08180D1784D
:10CC1000D51C0B2902D08B4200F08D809179951D97
:10CC20008B42ACD10B29AAD0D3798342A7D12A4613
:10CC3000251D937828460593F7F738F803462846CC
:10CC40001D46F7F73BF801A901902846F8F7D6FFF3
:10CC5000A379002F7FF465AF66E7F11C394AE079CC
:10CC600052F8212011780B2901D08B425FD0D17866
:10CC7000D51C0B2901D08B424FD09179951D8B4249
:10CC80007FF47DAF0B293FF47AAFD37983427FF4F1
:10CC900076AF2A46A51D937828460593F7F706F840
:10CCA00004462846F7F70AF8034601A920460193EF
:10CCB000F8F7A4FF002007B0BDE8F0835378634580
:10CCC0007FF44FAF937820460593F6F7EFFF814648
:10CCD0002046F6F7F3FF01A901904846F8F78EFFCA
:10CCE000A2780B2A7FF413AF14E7137963457FF41E
:10CCF0003FAF0246E6E7D37963457FF440AFF8E7FC
:10CD00009846012522E7597881427FF447AF58E7DA
:10CD1000517881427FF47BAF8AE711798142ACD1AF
:10CD2000B7E7197981427FF441AF634649E751780B
:10CD300081429CD1AEE7117981427FF46FAF2A46E0
:10CD400076E700BFCC420124654A0368934200F0B5
:10CD5000B980A2F57842934200F0B68002F5806275
:10CD6000934200F0B38002F57842934200F0B08025
:10CD700002F5E052934200F0AD805A4A934240F0EF
:10CD8000AB8005234FF4D471574A01FB03F310B570
:10CD9000D418D05C86B0F6F799FFA078F6F796FF26
:10CDA0002079F6F793FFA079F6F790FFA368052B9B
:10CDB00011D8DFE803F0192F455B71034B4BD3F813
:10CDC000F42042F02002C3F8F420D3F8F43003F04A
:10CDD00020030593059B2046FFF77CFE012801D028
:10CDE00006B010BDFFBEFEE7404B00222320D3F863
:10CDF000F01041F48051C3F8F0101146D3F8F03030
:10CE000003F480530093009BF7F77CFE2320F7F791
:10CE1000B7FEE0E7354B00222420D3F8E81041F4B8
:10CE20008041C3F8E8101146D3F8E83003F480439A
:10CE30000193019BF7F766FE2420F7F7A1FECAE7EE
:10CE40002A4B00223320D3F8E81041F40041C3F804
:10CE5000E8101146D3F8E83003F400430293029B34
:10CE6000F7F750FE3320F7F78BFEB4E71F4B002295
:10CE70005420D3F8F01041F40051C3F8F0101146DB
:10CE8000D3F8F03003F400530393039BF7F73AFE13
:10CE90005420F7F775FE9EE7144B00225520D3F877
:10CEA000F01041F48011C3F8F0101146D3F8F030BF
:10CEB00003F480130493049BF7F724FE5520F7F73F
:10CEC0005FFE88E700235DE701235BE7022359E764
:10CED000032357E7042355E700231B78FFDE00BF39
:10CEE0000030014000140058EC4500200044025876
:10CEF0002DE9F043002289B01B4B01210DF1040CF8
:10CF00009E461A4B0791E146E04667460EF11C0625
:10CF10000EF138050EF15404CDE90122CDE90322CA
:10CF2000CDE90522FF221A70BCE80F00AEE80F0021
:10CF30009CE807008EE80700B9E80F000FC69CE8E0
:10CF4000070086E80700B8E80F000FC59CE8070057
:10CF500085E807000FCF0FC49CE8070084E80700AE
:10CF600009B0BDE8F08300BF3C0300204050002022
:10CF7000014802F039B800BF14460020014802F011
:10CF800033B800BFBC470020014802F02DB800BFF5
:10CF900064490020014802F027B800BF0C4B002074
:10CFA000014802F021B800BFB44C002010B5EFF3E7
:10CFB000108472B6084B1A78120602D504B962B60C
:10CFC00010BD1B784FF4D47204485BB202FB03001F
:10CFD000B830F8F7C1FAF1E740500020EC450020E6
:10CFE00010B5EFF3108472B6094B1A78120602D509
:10CFF00004B962B610BD1B784FF4D47205485BB219
:10D0000002FB030000F59870F8F7A6FAF0E700BFFE
:10D0100040500020EC4500202DE9F04184B0EFF3B2
:10D02000108772B6284AFF21284C1368217023B15B
:10D0300000211160264A1068984723781B061CD5EA
:10D04000DFF894800025234E4446216879B1626858
:10D050006AB1A369012B22D0A3B963693046019359
:10D0600023690093E3682289FFF76AFC18B301354E
:10D070001C3406F5D476042DE7D107B962B604B0A6
:10D08000BDE8F081D4E90430CDE90130E0682389BE
:10D0900000903046FFF7B8FC0028E8D10BE0D4E957
:10D0A00004301146CDE900303046E3682289FFF7AD
:10D0B000E3FB0028DBD1C5EBC50508EB850348F889
:10D0C00025005860D9E700BF3C50002040500020A8
:10D0D00044500020EC4500203C0300202DE9F041A5
:10D0E00084B0EFF3108772B6284AFF21284C1368EA
:10D0F000217023B100211160264A106898472378D7
:10D100001B061CD5DFF894800025234E4446216879
:10D1100079B162686AB1A369012B22D0A3B96369AE
:10D120003046019323690093E3682289FFF708FCE6
:10D1300018B301351C3406F5D476042DE7D107B9B0
:10D1400062B604B0BDE8F081D4E90430CDE9013025
:10D15000E068238900903046FFF756FC0028E8D1AC
:10D160000BE0D4E904301146CDE900303046E368E5
:10D170002289FFF781FB0028DBD1C5EBC50508EB51
:10D18000850348F825005860D9E700BF3C500020CF
:10D190004050002044500020EC4500203C0300207B
:10D1A0002DE9F04184B0EFF3108772B6284AFF21D1
:10D1B000284C1368217023B100211160264A1068A1
:10D1C000984723781B061CD5DFF894800025234E52
:10D1D0004446216879B162686AB1A369012B22D003
:10D1E000A3B963693046019323690093E3682289F8
:10D1F000FFF7A6FB18B301351C3406F5D476042DD1
:10D20000E7D107B962B604B0BDE8F081D4E90430D3
:10D21000CDE90130E068238900903046FFF7F4FB48
:10D220000028E8D10BE0D4E904301146CDE9003004
:10D230003046E3682289FFF71FFB0028DBD1C5EBEE
:10D24000C50508EB850348F825005860D9E700BFFD
:10D250003C5000204050002044500020EC4500206D
:10D260003C0300202DE9F04184B0EFF3108772B643
:10D2700001F0D0FA284A294CFF21136821702BB104
:10D28000002111600121264A1068984723781B0667
:10D290001CD5DFF894800025224E4446216879B1E0
:10D2A00062686AB1A369012B22D0A3B963693046D1
:10D2B000019323690093E3682289FFF741FB18B3C8
:10D2C00001351C3406F5D476042DE7D107B962B6D2
:10D2D00004B0BDE8F081D4E90430CDE90130E06864
:10D2E000238900903046FFF78FFB0028E8D10BE040
:10D2F000D4E904301146CDE900303046E368228994
:10D30000FFF7BAFA0028DBD1C5EBC50508EB8503AA
:10D3100048F825005860D9E73C50002040500020D4
:10D3200044500020EC4500203C03002030B4544B16
:10D33000002108220220534CD9615862C3F8C4115D
:10D34000C3F8CC01C3F86C13C3F87403C3F80C25FD
:10D35000C3F81015C3F81415C3F81C05C3F8B42698
:10D36000C3F8B816C3F8BC16C3F8C406C3F85C28E3
:10D37000C3F86018C3F86418C3F86C08424D4348FA
:10D38000C3E90521C3E96F21C3E9D9212288A37824
:10D390003F49EA80CA800B723E492B72CA800B72E9
:10D3A0002168A0F803204371C28003723A4C3B48C5
:10D3B000E2802372A0F80320394C4371C2800372CB
:10D3C0003848E2802372A0F80320374C4371C280B2
:10D3D0000372080C2180A070A4F803206371E2801E
:10D3E0002372324C324D2180A070A4F80320637167
:10D3F000E28023722F4CEA8021802B72A070A4F867
:10D4000003206371E28023722B4C2180A070A4F86A
:10D4100003206371E2802372284C2180A070A4F85D
:10D4200003206371E2802372254C2180A070A4F850
:10D4300003206371E2802372224C2180A070A4F843
:10D4400003206371E28023721F4C21801F49A0706A
:10D45000A4F803201E486371E2802372A1F8032020
:10D460001C4C4B71CA800B721B49E2802372C28034
:10D470000372A1F803204B71CA800B7230BC704755
:10D48000EC450020C8420124C4020020E80200202C
:10D49000B80200207C020020D00200200C030020F3
:10D4A000F4020020940200200C500020F44F0020D1
:10D4B0000003002000500020DC4F002030500020EE
:10D4C0001850002024500020E84F00203003002096
:10D4D0002403002018030020A0020020714A0368E2
:10D4E00011698B4200B587B04BD0916E8B4200F032
:10D4F000B680D2F8C0108B4200F0B380D2F8181179
:10D500008B4200F0B080B3F1804F1ED0664A934248
:10D510000DD0664A934200F0A880654A934200F01D
:10D52000B280644A93421ED007B05DF804FB624BA0
:10D53000D3F8E82042F00202C3F8E820D3F8E8303C
:10D5400003F002030293029BEEE75B4BD3F8E82063
:10D5500042F00102C3F8E820D3F8E83003F00103F9
:10D560000193019BE0E7544BD3F8E82042F010020E
:10D57000C3F8E820D3F8E83003F010030593059BC7
:10D58000D2E700205821B3F1804F01FB0022127B2B
:10D590001ED045498B4235D044498B4248D044493E
:10D5A0008B42BED1444BD3F8E81041F00801C3F8D8
:10D5B000E810D3F8E83003F008030493049B002A32
:10D5C000B2D0322000220F21F7F79CFA322014E06B
:10D5D000394BD3F8E81041F00101C3F8E810D3F853
:10D5E000E83003F001030193019B002A9CD01C202A
:10D5F00000220F21F7F786FA1C2007B05DF804EB34
:10D60000F7F7BEBA2C4BD3F8E81041F00201C3F88B
:10D61000E810D3F8E83003F002030293029B002ADB
:10D6200082D01D2000220F21F7F76CFA1D20E4E7BD
:10D63000214BD3F8E81041F00401C3F8E810D3F807
:10D64000E83003F004030393039B002A3FF46CAF1C
:10D650001E2000220F21F7F755FA1E20CDE70120EA
:10D6600090E702208EE703208CE7134BD3F8E820E5
:10D6700042F00402C3F8E820D3F8E83003F00403D2
:10D680000393039B50E70C4BD3F8E82042F00802C9
:10D69000C3F8E820D3F8E83003F008030493049BB0
:10D6A00042E700BF4850002000040040000800404E
:10D6B000000C004000100040004402580F4B02686C
:10D6C00019698A420BD0996E8A4211D0D3F8C010E2
:10D6D0008A420FD0D3F818118A420DD0704700212A
:10D6E000582202FB01331A6D002AF7D0586D1047FB
:10D6F0000121F5E70221F3E70321F1E7485000207B
:10D70000014801F033BF00BF58500020014801F02C
:10D710002DBF00BFB0500020014801F027BF00BF5F
:10D7200008510020014801F021BF00BF60510020D6
:10D73000F0B54FF0580C0F682E4D8DB00CFB07FC68
:10D74000032F05EB0C06066047DC0B4608683446E1
:10D7500049689A6807C41B7B237004AC7268264B27
:10D76000002A4FF00002726118BF1022B2610FCB85
:10D7700084E80F000CAB03EB870353F8203CB3F1B4
:10D78000804F336124D01D4A934221D030890CF15F
:10D79000100458230021802203FB07532C44C3E9C3
:10D7A00007019A62204601F04BFD034600B1FEE7F7
:10D7B0004FF4805208A92046099301930892CDE9BD
:10D7C0000A33CDE9023301F00BFE034640B1FEE718
:10D7D000582303FB07539868D9E701200DB0F0BD2B
:10D7E00001A920460193039301F078FF0028F5D0AA
:10D7F000FEE700BF485000200C410124000C00400F
:10D80000006808B5037B10302BB101F0D3FD003860
:10D8100018BF012008BD01F0B3FD003818BF01207A
:10D8200008BD00BF0C4B00224FF0FF311A73996006
:10D83000196683F86420C3F8B81083F8BC20C3F8D5
:10D84000101183F81421C3E90022C3E91622C3E9A9
:10D850002C22C3E942227047485000201F4BC16868
:10D860000268F0B5D3F88C5083B00369ADB24D1B9C
:10D87000A2B1AB4212D00446866811D2F018E91A60
:10D88000CDE9001000F040FF0023DDE90010D4E9ED
:10D890000062B047E3682561AB421BD003B0F0BD26
:10D8A000F018C91ACDE9000100F02EFF0023DDE9D0
:10D8B0000001D4E90072B8473046294600F024FF41
:10D8C00000233046626829462668B047E368256130
:10D8D000AB42E3D10023236103B0F0BD000002405E
:10D8E0002DE9F84F04460F4690461E4600F13405D8
:10D8F000284602F041F92028FAD14FF48063002035
:10D90000C4F8D030C4F848314FF44033C4F8CC00E8
:10D91000C4F8E030C4F858314E4BC4F8DC00C4F809
:10D92000C03003F57A73C4F8E400C4F838314023FA
:10D93000C4F8C800C4F84031E369C4F84401C4F82D
:10D940005401C4F85C01C4E93500C4E95300072B55
:10D950000BD8DFE803F061535A373E454C0451239E
:10D96000C4F8C4305223C4F83C3104F59C794846CD
:10D97000F7F77AFA08B1FFBEFEE7C4F8A890C4F83A
:10D980007051EFF3108972B6DFF8D0B094F91C3003
:10D99000DFF8CCA08BF800300A9B2F4CCAF800307F
:10D9A0000B9B23600EB11846B0471FFA88F2394628
:10D9B000284601F0CBFEB0BBB9F1000F00D162B632
:10D9C000BDE8F88F3F23C4F8C4304023C4F83C318D
:10D9D000CBE74123C4F8C4304223C4F83C31C4E748
:10D9E0004723C4F8C4304823C4F83C31BDE74F2373
:10D9F000C4F8C4305023C4F83C31B6E72B23C4F834
:10DA0000C4302C23C4F83C31AFE72D23C4F8C43014
:10DA10002E23C4F83C31A8E72923C4F8C4302A23B4
:10DA2000C4F83C31A1E7FF238BF800300023CAF88B
:10DA3000003023600A9B3BB10B98012198470120DD
:10DA4000B9F1000FBCD1BAE70120B9F1000FB7D18D
:10DA5000B5E700BF88000240E0600020DC600020E5
:10DA6000D86000202DE9F84F04460F4690461E4628
:10DA700000F13405284602F07FF82028FAD14FF44F
:10DA800080630020C4F8D030C4F848314FF44033EC
:10DA9000C4F8CC00C4F8E030C4F858314E4BC4F898
:10DAA000DC00C4F8C03003F57A73C4F8E400C4F8AD
:10DAB00038314023C4F8C800C4F84031E369C4F8E1
:10DAC0004401C4F85401C4F85C01C4E93500C4E958
:10DAD0005300072B0BD8DFE803F061535A373E455C
:10DAE0004C045123C4F8C4305223C4F83C3104F12F
:10DAF000C0094846F7F7B8F908B1FFBEFEE7C4F819
:10DB0000AC90C4F8F850EFF3108972B6DFF8D0B0DB
:10DB100094F91C30DFF8CCA08BF800300A9B2F4C16
:10DB2000CAF800300B9B23600EB11846B0471FFAAD
:10DB300088F23946284601F05BFEB0BBB9F1000F10
:10DB400000D162B6BDE8F88F3F23C4F8C43040234B
:10DB5000C4F83C31CBE74123C4F8C4304223C4F8B5
:10DB60003C31C4E74723C4F8C4304823C4F83C31EF
:10DB7000BDE74F23C4F8C4305023C4F83C31B6E7A6
:10DB80002B23C4F8C4302C23C4F83C31AFE72D2339
:10DB9000C4F8C4302E23C4F83C31A8E72923C4F8C4
:10DBA000C4302A23C4F83C31A1E7FF238BF80030AE
:10DBB0000023CAF8003023600A9B3BB10B98012177
:10DBC00098470120B9F1000FBCD1BAE70120B9F1A3
:10DBD000000FB7D1B5E700BF88000240E060002029
:10DBE000DC600020D86000202DE9F0410D4682B0B5
:10DBF000EFF3108772B6002948D1FF23254A264C3F
:10DC0000237013682BB1002029461060234A106846
:10DC1000984723781B0625D5DFF888800025204EFD
:10DC2000444605E001351C3406F5D876092D19D097
:10DC3000A369012B1BD0002BF4D1216830460029A9
:10DC4000F0D06369019323690093E3682289FFF7A9
:10DC500009FF0028E6D1C5EBC50508EB850348F8A8
:10DC60002500586007B962B602B0BDE8F08161686E
:10DC70000029D7D063693046019323690093E36894
:10DC80002289FFF72DFE0028CCD1E4E703F070FADB
:10DC9000B3E700BFD8600020DC600020E060002017
:10DCA000A8510020AC030020F0B5002387B0022269
:10DCB00004460493CDE90223027EC3690B2A4FEA8E
:10DCC000430523D1A27E0B2A02D1002007B0F0BD6C
:10DCD00048496B1C484851F823304578017818783A
:10DCE000E67E884269D0824277D0D87803F1030C6F
:10DCF00081426ED0824278D0987903F1060C884236
:10DD00006FD0824233D0012007B0F0BD394B3A4882
:10DD100053F8253001784678187894F819C0814274
:10DD20003DD0824241D0D87803F1030E814240D0E9
:10DD300082424AD0987903F1060E884241D082424D
:10DD4000E1D1DB796345DED1734604F118069B7897
:10DD500030460593F5F7AAFF034630461E46F5F711
:10DD6000ADFF01A901903046F7F748FFAAE7DB793C
:10DD7000B342C8D163461A349B7820460593F5F721
:10DD800095FF034620461C46F5F798FF034601A978
:10DD900020460193F7F732FF002007B0F0BD93F85B
:10DDA00001E0B645BFD08242BDD158786045BAD1B6
:10DDB000CBE71F79B742BBD1BCE75F78AF4292D1C6
:10DDC00093E7D979B142BAD19DE718796045B1D1CD
:10DDD000BAE71F79AF428DD18EE75878B04284D12F
:10DDE000C9E7D979A9428CD18DE71879B04283D19E
:10DDF000C0E700BFC4040020C00400207E4A0368BE
:10DE00009342F0B58FB000F0E380A2F54C4293420C
:10DE100000F0E08002F58062934200F0DD8002F5C0
:10DE20008062934200F0DA8002F58062934200F053
:10DE3000D98002F54442934200F0D280A2F51C4200
:10DE4000934200F0D18002F58062934200F0CE80D0
:10DE50006A4A934240F0CC800826694D4FF4D8744A
:10DE600004FB0654A07EF5F731FF207EF5F72EFF68
:10DE7000E369082B13D8DFE803F03B49576573814A
:10DE80008F9D05005F4BD3F8F42042F00802C3F8E1
:10DE9000F420D3F8F43003F008030893089B2046DD
:10DEA000FFF702FF012801D1FFBEFEE74FF4D8744F
:10DEB0000EAA554F0DF1240C04FB0654E36902EB46
:10DEC00043050FCFACE80F003B680022ACF80030F0
:10DED000114635F9140CF6F715FEE3690EAA02EBAC
:10DEE000430333F9140C0FB0BDE8F040F6F748BE19
:10DEF000444BD3F8F02042F01002C3F8F020D3F8DE
:10DF0000F03003F010030093009BC8E73D4BD3F8BB
:10DF1000E82042F40032C3F8E820D3F8E83003F4F4
:10DF200000330193019BBAE7364BD3F8E82042F463
:10DF30008022C3F8E820D3F8E83003F4802302936A
:10DF4000029BACE72F4BD3F8E82042F40022C3F841
:10DF5000E820D3F8E83003F400230393039B9EE703
:10DF6000284BD3F8E82042F48012C3F8E820D3F815
:10DF7000E83003F480130493049B90E7214BD3F81B
:10DF8000F02042F02002C3F8F020D3F8F03003F084
:10DF900020030593059B82E71A4BD3F8E82042F053
:10DFA0008042C3F8E820D3F8E83003F080430693BA
:10DFB000069B74E7134BD3F8E82042F00042C3F805
:10DFC000E820D3F8E83003F000430793079B66E7A7
:10DFD000002642E7012640E702263EE703263CE70B
:10DFE00005263AE7042638E7062636E7072634E70B
:10DFF00000239B7EFFDE00BF00100140000C005894
:10E00000A8510020004402581C4101242DE9F04F82
:10E0100091B0002301223A490DF1240A09938B465D
:10E0200001F11C09CAF814305446CDF800A001F1E2
:10E030003808CDF804A001F15407CDF808A001F18B
:10E040007006CDF80CA001F18C05CDF814A001F1FB
:10E05000C40E01F1E00CCAE90133CAE903330F929F
:10E06000FF22284B1A7001F1A803CDE906AA0493F8
:10E07000BAE80F00ABE80F009AE807008BE807004A
:10E080000FCC009CA9E80F009AE8070089E8070078
:10E090000FCC019CA8E80F009AE8070088E8070069
:10E0A0000FCC029C0FC79AE8070087E807000FCC47
:10E0B000039C0FC69AE8070086E807000FCC0FC53F
:10E0C0009AE80700059C85E807000FCC049C0FC464
:10E0D0009AE8070084E80700069C0FCCAEE80F0022
:10E0E0009AE80700079C8EE807000FCCACE80F0009
:10E0F0009AE807008CE8070011B0BDE8F08F00BF78
:10E10000AC030020DC60002010B5094C04F13400A1
:10E1100001F040FC237D1BB1636BDB69DB0600D49F
:10E1200010BD2046FFF79AFB636B10221A6210BDE8
:10E13000A851002010B50B4C04F5F27001F02AFC38
:10E1400094F8C43123B1D4F8E431DB69DB0600D4A0
:10E1500010BD04F5D870FFF781FBD4F8E43110222C
:10E160001A6210BDA851002010B50B4C04F5657063
:10E1700001F010FC94F8743323B1D4F89433DB69C4
:10E18000DB0600D410BD04F55870FFF767FBD4F828
:10E19000943310221A6210BDA851002010B50B4C08
:10E1A00004F2445001F0F6FB94F8243523B1D4F87E
:10E1B0004435DB69DB0600D410BD04F5A260FFF72F
:10E1C0004DFBD4F8443510221A6210BDA85100202E
:10E1D00010B50B4C04F2F46001F0DCFB94F8D4367B
:10E1E00023B1D4F8F436DB69DB0600D410BD04F5A6
:10E1F000D860FFF733FBD4F8F43610221A6210BD52
:10E20000A851002010B50B4C04F6A40001F0C2FB8D
:10E2100094F8843823B1D4F8A438DB69DB0600D441
:10E2200010BD04F50760FFF719FBD4F8A4381022DD
:10E230001A6210BDA851002010B50B4C04F65420F2
:10E2400001F0A8FB94F8343A23B1D4F8543ADB69CE
:10E25000DB0600D410BD04F52260FFF7FFFAD4F806
:10E26000543A10221A6210BDA851002010B50B4C70
:10E2700004F6044001F08EFB94F8E43B23B1D4F89B
:10E28000043CDB69DB0600D410BD04F53D60FFF7FC
:10E29000E5FAD4F8043C10221A6210BDA8510020FF
:10E2A00010B50B4C04F6B45001F074FB94F8943D97
:10E2B00023B1D4F8B43DDB69DB0600D410BD04F50E
:10E2C0005860FFF7CBFAD4F8B43D10221A6210BDA3
:10E2D000A851002010B5EFF3108472B6084B1A78DD
:10E2E000120602D504B962B610BD1B784FF4D8727D
:10E2F00004485BB202FB0300C030F7F72DF9F1E7E9
:10E30000DC600020A851002010B5EFF3108472B635
:10E31000094B1A78120602D504B962B610BD1B78F3
:10E320004FF4D87205485BB202FB030000F59C7005
:10E33000F7F712F9F0E700BFDC600020A8510020D9
:10E340000021FFF751BC00BF214A036893422BD044
:10E35000A2F54C42934229D002F58062934227D025
:10E3600002F58062934225D002F58062934223D069
:10E3700002F54442934221D0A2F51C4293421FD0A1
:10E3800002F5806293421DD0124A93421CD10822AA
:10E390004FF4D871104B01FB0233197D11B11846AF
:10E3A000FFF75CBAFFF720BC0022F1E70122EFE79C
:10E3B0000222EDE70322EBE70422E9E70522E7E783
:10E3C0000622E5E70722E3E700231B7DFFDE00BF0F
:10E3D00000100140000C0058A8510020204A03689A
:10E3E000934229D0A2F54C42934227D002F5806295
:10E3F000934225D002F58062934223D002F58062D9
:10E40000934221D002F5444293421FD0A2F51C4210
:10E4100093421DD002F5806293421BD0114A934271
:10E420001AD1082310484FF4D87202FB0300037D71
:10E4300003B97047FFF712BA0023F3E70123F1E7AE
:10E440000223EFE70323EDE70423EBE70523E9E7E6
:10E450000623E7E70723E5E700231B7DFFDE00BF78
:10E4600000100140000C0058A85100200121FFF7C6
:10E47000BBBB00BF534B0122002047F6122130B432
:10E48000C3E97420C3E97721C3E9E020C3E9E321AC
:10E490001A62DA6258621963C3F83025C3F834058A
:10E4A000C3F83C25C3F84015C3F8E026C3F8E406DA
:10E4B000C3F8EC26C3F8F016C3F89028C3F8940804
:10E4C000C3F89C28C3F8A018C3F8402AC3F8440A2C
:10E4D000C3F84C2AC3F8501AC3F8F02BC3F8F40B56
:10E4E000C3F8FC2BC3F8001CC3F8A40D3648C3F8CE
:10E4F000A02DC3F8AC2DC3F8B01D02888378334932
:10E500000068334CCA804FEA104C0B723149E280EC
:10E510002372A1F80320A4F8032063714B712E4CE1
:10E52000CA800B722D492E4DE2802372A1F8032080
:10E53000A4F8032063714B712A4CCA800B722A49DC
:10E54000EA8008802B7281F802C0E2802372A1F871
:10E5500003204B71CA800B722449A1F803204B7130
:10E56000CA800B722249A1F803204B71CA800B723A
:10E570002049088081F802C0A1F803204B71CA80AD
:10E580000B721D49088081F802C0A1F803204B716D
:10E59000CA800B721949088081F802C01848A1F896
:10E5A00003204B71CA800B721649A0F803204371F7
:10E5B000C2800372A1F803204B71CA800B7230BC79
:10E5C000704700BFA8510020C0040020480500206B
:10E5D0006C050020600500208405002078050020DF
:10E5E000540500203005002008610020900500201F
:10E5F0003C050020E4600020FC600020F06000206A
:10E60000B4040020A80400203E4B00220B20114639
:10E6100010B5D3F8D84082B044F00104C3F8D84014
:10E62000D3F8D84004F001040094009CD3F8D840FB
:10E6300044F00204C3F8D840D3F8D83003F0020302
:10E640000193019BF6F75EFA0B20F6F799FA002288
:10E650000C201146F6F756FA0C20F6F791FA002234
:10E660000D201146F6F74EFA0D20F6F789FA002232
:10E670000E201146F6F746FA0E20F6F781FA002230
:10E680000F201146F6F73EFA0F20F6F779FA00222E
:10E6900010201146F6F736FA1020F6F771FA00222C
:10E6A0003C201146F6F72EFA3C20F6F769FA0022D4
:10E6B00011201146F6F726FA1120F6F761FA00222A
:10E6C00038201146F6F71EFA3820F6F759FA0022DC
:10E6D00039201146F6F716FA3920F6F751FA0022DA
:10E6E0003A201146F6F70EFA3A20F6F749FA0022D8
:10E6F0003B201146F6F706FA3B2002B0BDE8104079
:10E70000F6F73EBA0044025820F01F002031BFF354
:10E710004F8F002907DD064A0144C2F85C02203011
:10E720000B1A002BF9DCBFF34F8FBFF36F8F7047CD
:10E7300000ED00E0034688B190F83D20022A03D0A6
:10E74000802201209A66704702680421002083F825
:10E750003D10D36823F00103D36070470120704758
:10E7600003682B495A6910B49C6944F008049C6101
:10E770009C6944F010049C611C6824F001041C6036
:10E780001C6921401961996821F44041996090F811
:10E790008910042901D091062ED490F889100329FC
:10E7A00001D054061DD4910509D5D0F88C1041F044
:10E7B0000101C0F88C10996941F400719961D2058A
:10E7C00009D5D0F88C2042F00802C0F88C209A6954
:10E7D00042F480729A6100235DF8044B436603673C
:10E7E0007047D0F88C1041F00401C0F88C10996982
:10E7F00041F040019961D6E7D0F88C1041F08001DA
:10E80000C0F88C10996941F020019961C5E700BFFB
:10E8100090FCFFFF002800F0A48002680021F8B5FA
:10E82000514B044681629A4216D0A3F578439A422E
:10E8300012D003F58063C0689A4200F08A800F28E6
:10E8400008D8E16B00F108034D09DB0805FB033331
:10E85000082B15D90120F8BDE068E16B00F1080331
:10E86000414E4D09DB0805FB0333404DAA4218BF5A
:10E87000B24203D005F58065AA4201D1102BE9D838
:10E8800094F8893003F0FF05002B58D000270223AD
:10E890006568A66B84F88930136823F00103136060
:10E8A000A369B3F1806F3ED03943676B3B43676A1E
:10E8B0003B4327693B4367693B43276A3B43E76C1C
:10E8C0003B43A7683B43A76C3B43A76D3B432B43AC
:10E8D0003343E669314308439060D360B5B9936828
:10E8E00023F4C05343F400639360936823F4C0633C
:10E8F00043F480639360136D23F0010313650020DC
:10E900000123C4F88C0084F88930F8BD136D23F01E
:10E91000010313656B02F2D5D368616D23F00043E8
:10E920000B43D360EBE7B5F5800FBDD1002EBBD113
:10E93000D2F800C04CF4805CC2F800C0B4E72046B6
:10E9400084F88850FEF700FA2268A76AE16BE06855
:10E950009DE7E16B00F108034D09DB0805FB03337C
:10E960008CE70120704700BF0030014000380040B4
:10E97000F8B590F88830012B00F0858090F8893048
:10E98000154601220446DEB2934280F8882066D103
:10E9900000295FD0B5FA85F35B09002D5AD0032218
:10E9A0008366C36680F88920C0F88C3045660367AB
:10E9B000C0E91E338368B3F5C02FC0E9171504D131
:10E9C0000268136843F400631360E368D4F88000BE
:10E9D0000F2B4AD98369B3F5804F3BD12268374B5F
:10E9E000374F2032036452F8183CC763354F23F485
:10E9F0000043C7640027076542F8183C636EF6F7CA
:10EA0000F1FB002842D1D4F880302F4ADB69B3F5FE
:10EA1000807F2368596802EA010218BF2A435A60BE
:10EA20009A68616842F40042B1F5800F9A601A69F1
:10EA300042F448721A611A6842F001021A6003D166
:10EA40001A6842F400721A6000231E4684F8883067
:10EA50003046F8BD002384F888303046F8BD0023E6
:10EA6000022680F888303046F8BD072B836917D816
:10EA7000B3F5005F1DD0B3F5804FAFD1636E0333A4
:10EA80009B086366AAE702263046F8BDD4F88C30AE
:10EA9000012243F01003C4F88C3084F88920DCE7AD
:10EAA000B3F5804F05D0B3F5005FD3D1B3F5804FF8
:10EAB00094D1636E01335B0863668FE7E9EE00244F
:10EAC00061EE002415EF00240000FFFF70B51D4625
:10EAD00090F88830012B00F0AC800123044680F8C8
:10EAE000883090F889304068DBB2B0F5800F77D07D
:10EAF000012B7CD1002D18BF002A6CD000296AD0D0
:10EB000094F88930042B02D0052384F8893000233F
:10EB1000E1652168C4F88C30656625672566C4E91F
:10EB20001E338B6823F44043C4E91A258B60E368E5
:10EB30000F2B61D9D4F884008369B3F5804F4AD193
:10EB400094F88930042B00F08180564B0364564BB7
:10EB5000C363564E3031236FC66400260665F6F750
:10EB600041FB002867D12268D4F8801093682032D6
:10EB700043F4804342F8183C636EC1E90F00C1E9D9
:10EB800013000846E16DF6F72DFB002853D1D4F8A9
:10EB90008030DB69B3F5807F23685CD05968444AD4
:10EBA0000A402A435A609A68616842F40042B1F50B
:10EBB000800F9A601A6942F458721A611A6842F01A
:10EBC00001021A6003D11A6842F400721A6000232D
:10EBD00084F8883070BD0023012084F8883070BD2F
:10EBE000A068002884D1042B84D0012B82D000237C
:10EBF000022084F8883070BD072B31D8D4F88030DB
:10EC00009B69B3F5005F47D0B3F5804F03D1636EC6
:10EC100003339B086366D4F884008369B3F5005F0F
:10EC200035D0B3F5804F8BD1236F03339B08236717
:10EC300086E7022070BDD4F88C30012243F0100327
:10EC40001046C4F88C3084F8892070BD194B0364D9
:10EC5000194BC3637DE75968154A0A405A60A2E719
:10EC6000D4F884008369B3F5005F02D0B3F5804F18
:10EC7000B1D1D4F88060B669B6F5804F03D1666E25
:10EC8000013676086666B3F5804F7FF459AF236F7F
:10EC900001335B08236753E7636E01335B086366E8
:10ECA000B9E700BF09EF0024B9EE002415EF0024F6
:10ECB0000000FFFFF9EE00248DEE00242DE9F04165
:10ECC0001546826804460E4622B94368B3F5800FA4
:10ECD00000F08F8094F88830012B00F0938001239E
:10ECE00084F8883094F88930012BDFB265D1002E8A
:10ECF0005DD0B5FA85F35B09002D58D00421B2F53B
:10ED0000C02F236684F88910C4F88C3025676366A9
:10ED1000C4E91A65C4E91E3304D12268136823F4D8
:10ED200000631360E3680F2B4ED9D4F88400836925
:10ED3000B3F5804F3BD121688B6823F480438B600F
:10ED40003246434E236F30310664424EC663424E14
:10ED5000C66400260665F6F745FA002856D1D4F8B1
:10ED600084303E4ADB69B3F5807F2368596802EA44
:10ED7000010218BF2A435A609A68616842F48042CF
:10ED8000B1F5800F9A601A6942F450721A611A68DC
:10ED900042F001021A6003D11A6842F400721A604C
:10EDA00000231F4684F888303846BDE8F0810023F0
:10EDB00084F888303846BDE8F0810023022784F8C3
:10EDC00088303846BDE8F081072B29D82168D4F86F
:10EDD00084008B6823F480438B608369B3F5005F04
:10EDE00030D0B3F5804FABD1236F03339B0823673B
:10EDF000A6E72B4604250A4680F88950BDE8F04175
:10EE0000FFF764BE02273846BDE8F081D4F88C30A5
:10EE1000012243F01003C4F88C3084F88920C9E73C
:10EE2000D4F884008269B2F5804F02D0B2F5005F59
:10EE3000BDD12168B2F5804F8B6823F480438B608D
:10EE40007FF47EAF236F01335B08236778E700BF51
:10EE5000F9EE00248DEE002415EF00240000FFFFE2
:10EE6000806B08B590F88930072B0AD0D0F8803035
:10EE7000DB69B3F5807F05D00268136943F00803AE
:10EE8000136108BDFEF7C8F808BD00BF806B08B568
:10EE900090F88930072B0AD0D0F88430DB69B3F5BD
:10EEA000807F05D00268136943F00803136108BD31
:10EEB000FEF714F908BD00BF806B08B590F88930E3
:10EEC000072B0AD0D0F88030DB69B3F5807F05D0FE
:10EED0000268136943F00803136108BDFEF760F987
:10EEE00008BD00BF704700BF806B08B5FFF7FAFF91
:10EEF00008BD00BF704700BF806B08B5FFF7FAFF81
:10EF000008BD00BF704700BF806B08B5FFF7FAFF70
:10EF100008BD00BF10B5846BF6F76EFE022800D165
:10EF200010BD23682F495A69986940F0080098611C
:10EF3000986940F010009861186820F0010018608E
:10EF4000186901401961996821F44041996094F869
:10EF50008910042901D0910638D494F88910032926
:10EF600001D0500627D4910509D5D4F88C1041F072
:10EF70000101C4F88C10996941F400719961D205BE
:10EF800009D5D4F88C2042F00802C4F88C209A6984
:10EF900042F480729A61002301222046636623674F
:10EFA000D4F88C3043F01003C4F88C3084F88920F6
:10EFB000FEF758F910BDD4F88C1041F00401C4F8E4
:10EFC0008C10996941F040019961CCE7D4F88C101C
:10EFD00041F08001C4F88C10996941F020019961D9
:10EFE000BBE700BF90FCFFFF036819695A692DE970
:10EFF000F04101EA02059F68044690F8896005F037
:10F00000640CBCF1040F31D005F04500012836D066
:10F0100005F02600022800F0DD8028076CD59A69EB
:10F0200017F4404FF6B242F008029A619A6942F032
:10F0300010029A619A6942F400629A611A6922F098
:10F0400008021A6125D0042E00F0DC80D4F880205C
:10F05000D269F2B1032E4BD0D4F88420D269C2B168
:10F06000052E14D12046FEF79BF810E0C36F984799
:10F07000A36F2046984705F04503012B02D1A36FEB
:10F080002046984705F02605022D00F0A380BDE834
:10F09000F0819A6812F4404F18D1226FB2B1A26E7B
:10F0A00009E01B6B42F8043BA266236F013B236718
:10F0B000236F5BB12368E1680F29F2D8072940F27A
:10F0C00095801B8E22F8023BA266EEE72046FFF7F2
:10F0D00047FB012384F88930D4F88C30002B40F0B2
:10F0E0008280052EBED0042E00F09280032ECED159
:10F0F0002046FDF791FFCAE7100501D50A077CD429
:10F1000015F4587FC3D06E0609D5D4F88C2042F090
:10F110000402C4F88C209A6942F040029A61A80562
:10F1200009D5D4F88C2042F00102C4F88C209A69E9
:10F1300042F400729A61E90509D5D4F88C2042F0B6
:10F140000802C4F88C209A6942F480729A61AA0677
:10F1500009D5D4F88C2042F08002C4F88C209A693A
:10F1600042F020029A61D4F88C20002A8FD01968CE
:10F1700007F44047284A21F00101B7F5404F1960D4
:10F18000196902EA01021A6129D19A68D4F8840047
:10F1900022F440429A6050B1204B0365F6F742F9E1
:10F1A00028B1D4F88C3043F04003C4F88C30D4F844
:10F1B000800000283FF46BAF184B0365F6F732F977
:10F1C00000283FF464AFD4F88C3043F04003C4F817
:10F1D0008C305CE7E36F2046BDE8F041184701231F
:10F1E000204684F88930FEF73DF850E793F8303038
:10F1F0001370A26E0132A26657E79A6942F4006268
:10F200009A6144E7D4F88420D269002A3FF441AFE0
:10F210002046FDF763FF3AE794FCFFFF21F200244C
:10F2200008B5806B002301220367436680F88920BC
:10F23000FEF718F808BD00BF90F88900704700BFBE
:10F24000002800F08F8038B590F83D30044603F078
:10F25000FF02002B60D0226802234349B2F1804FA5
:10F2600084F83D30A2EB01011368B1FA81F14FEA55
:10F27000511127D031BB3D483D4D824251D000F560
:10F28000806082424DD0551B00F58060B5FA85F54F
:10F2900082424FEA55154DD0002D4BD135483649A5
:10F2A0008A4218BF82424FD001F580618A424BD01A
:10F2B000A06923F08003E168034313606368D162AF
:10F2C000936223E02A4D23F07003A068551B03438B
:10F2D000B5FA85F56D09206923F440730343A069ED
:10F2E00023F0800303431360E368D362636893628F
:10F2F00051B94DB91F49204B9A4218BF8A4203D0D9
:10F3000003F580639A4201D16369136301230020EE
:10F31000536184F83D3038BD80F83C20FEF7DEF8BC
:10F3200099E7551B23F07003A068B5FA85F50343F0
:10F330006D09D0E7A06823F0700303430F488242B1
:10F34000C9D0002DC7D1A9E7206923F44073A16972
:10F350000343E06823F080030B4361681360D062CD
:10F360009162C7E70120704700000140000400409F
:10F37000000401400040014000440140000C0040F6
:10F380004FF0020C01680A4A034680F83DC08868C5
:10F390000240062A06D0B2F5803F03D00A6842F048
:10F3A00001020A600122002083F83D20704700BF5F
:10F3B000070001000368094AD96841F00101D960DA
:10F3C00099680A40062A06D0B2F5803F03D01A6831
:10F3D00042F001021A600020704700BF07000100E0
:10F3E00090F83C30012B7DD002460223006830B4F7
:10F3F000012482F83D3082F83C40544C83681C4024
:10F400000B68602B84606FD01DD9B3F5005F59D0B5
:10F4100042D94F498B4206D038D94E498B4202D04F
:10F4200010318B4206D184684B4921400B4343F095
:10F430000703836000230121184682F83D1082F8FB
:10F440003C3030BC7047402B67D019D9502BF1D1DC
:10F45000036A4C68CD6823F00A03016A1C433E4BE3
:10F4600021F001010162816921F0F00141EA0511F9
:10F470008161046281680B4043F057038360D9E7E0
:10F48000202BD0D01AD9302BD4D1CCE723F01001C7
:10F49000B1F5801FCED1C6E7702BCBD18468D1E9FE
:10F4A00001532B43CD6824F47F4143EA05230B43EA
:10F4B0008360836843F077038360BBE733F0100118
:10F4C000B8D1B0E7D1E9015384682B43CD6824F467
:10F4D0007F4143EA05230B438360836843F4804301
:10F4E0008360A7E702207047046A4D6824F0100487
:10F4F000C9680462836923F4704343EA0133016AF3
:10F5000021F0A0018361144B41EA05110162816879
:10F510000B4043F0670383608CE7036A4C68CD6857
:10F5200023F00A03016A1C430B4B21F00101016225
:10F53000816921F0F00141EA05118161046281686D
:10F540000B4043F04703836074E700BF8800CEFFA1
:10F5500020001000300010008FFFCFFF704700BF69
:10F56000704700BF704700BF704700BF03681A694B
:10F57000910710B5044602D5DA68920768D41A6973
:10F58000520702D5DA6850074FD41A69110702D51D
:10F59000DA68120737D41A69D00602D5DA68D106BC
:10F5A0001ED41A69D20702D5DA68D00769D41A695D
:10F5B000110602D5DA6812066BD41A69D00502D595
:10F5C000DA6811066DD41A69520602D5DA68500657
:10F5D0006FD41A69910602D5DA68920649D410BD33
:10F5E0006FF010010822204619612277DB6913F4BD
:10F5F000407F6FD1FFF7B2FF2046FFF7B3FF002235
:10F6000023682277CDE76FF00801042220461961B4
:10F610002277DB699B075AD1FFF7A0FF2046FFF74F
:10F62000A1FF002223682277B5E76FF004010222D0
:10F630002046196122779B6913F4407F44D1FFF77C
:10F640008DFF2046FFF78EFF0022236822779CE77C
:10F650006FF002010122196102779B69990730D18D
:10F66000FFF77CFF2046FFF77DFF0022236822770B
:10F6700085E76FF0200220461A61BDE8104000F0D7
:10F680005FB86FF0010220461A61FEF717F8236891
:10F690008DE76FF0800220461A6100F053F823686E
:10F6A0008BE76FF4807220461A6100F04DF82368F2
:10F6B00089E76FF0400220461A61FFF755FF236883
:10F6C00087E7FFF74DFFD0E7FFF74AFFBCE7FFF7FB
:10F6D00047FFA6E7FFF744FF91E700BF90F83C2003
:10F6E000012A28D003460068022230B4134D83F863
:10F6F0003D20A8424268846818D005F58065A8427C
:10F7000014D024F0800C22F070020C688968224327
:10F7100000244CEA01014FF0010C42608160204658
:10F7200083F83DC083F83C4030BC704722F470023F
:10F730004D682A43E5E70220704700BF0000014002
:10F74000704700BF704700BF704700BFF8B5D0F8E2
:10F750008070202F44D1002940D0B2FA82F6760979
:10F76000002A3BD0044690F87C00012838D00125BF
:10F770002123606FA4F856202165C4F88860A4F89E
:10F78000542084F87C50C4F88030D8B1DFF854C0DD
:10F7900013462268C0F83CC0DFF84CC0283206652A
:10F7A000C0F840C0DFF844C0C0F84CC0F5F71AFDFF
:10F7B00040B11023284684F87C60C4F88830C4F82F
:10F7C0008070F8BD2368002240211046196284F839
:10F7D0007C209A6842F080029A60F8BD0120F8BD52
:10F7E0000220F8BD9DF80024CDF800241DF9002466
:10F7F000F8B5D0F88470202F48D1002944D0B2FA4F
:10F8000082F67609002A3FD090F87C300446012B1E
:10F810003CD001252223C0F888608165A0F85C20D7
:10F8200080F87C50C0F88430806FE0B1DFF860C0B1
:10F8300013460A462168C0F83CC0DFF858C024319E
:10F840000665C0F840C0DFF850C0C0F84CC0F5F7FE
:10F85000C9FC40B11023284684F87C60C4F8883085
:10F86000C4F88070F8BD2368002084F87C001A6812
:10F8700042F480721A609A6842F001029A609A68B3
:10F8800042F040029A60F8BD0120F8BD0220F8BDA8
:10F89000D9F8002411F900241DF9002408B5C36922
:10F8A000806BB3F5807F0CD003680022A0F856204F
:10F8B0009A6822F080029A601A6842F040021A6048
:10F8C00008BDFEF73DFD08BD704700BF806B08B561
:10F8D000FFF7FAFF08BD00BF08B5C369806BB3F539
:10F8E000807F12D0036800222021A0F85E201A68D1
:10F8F00022F480721A609A6822F001029A609A6873
:10F9000022F040029A60C0F88410FEF71DFD08BD89
:10F91000806B08B5FEF762FD08BD00BF806B38B58F
:10F920000368D0F88040D0F884109A68150601D595
:10F93000212C1DD09A68520601D5222908D0D0F872
:10F94000883043F01003C0F88830FEF78FFD38BDD3
:10F9500000240F4A2025A0F85E40196821F4907118
:10F96000196099680A409A60C0F88450C466E6E756
:10F9700000222024A0F856201A6822F0C0021A6043
:10F980009A6822F400029A60C0F88040D2E700BF73
:10F99000FEFFFFEF0268D36970B51E0715680446C5
:10F9A000916800F084806C4805F4907C08405CEA23
:10F9B00000061DD1D80202D54E0200F19D80180626
:10F9C00006D501F4000105F08000014340F08C8071
:10F9D0005E0602D5680600F19B80190202D56A0016
:10F9E00000F1A380DB0102D5002DC0F2AA8070BD1A
:10F9F000DE0709D5EE0507D501261662D4F8886022
:10FA000046F00106C4F888609E0760D5CE0709D588
:10FA100002261662D4F8886046F00406C4F88860AE
:10FA20005E0758D41E070CD505F0200C5CEA0000D8
:10FA300007D008201062D4F8880040F00800C4F80D
:10FA40008800D4F888000028D1D09E0606D505F09D
:10FA5000200501F0805155EA01036BD1D4F888509C
:10FA6000936805F0080503F040031D436ED011684C
:10FA700020203A4B21F49071116091680B400021D5
:10FA80009360C4F884009368E1665D063CD5936892
:10FA9000A06F23F040039360002835D0304B0365FE
:10FAA000F5F7C0FC0028A2D0A06F036D0CE09E0605
:10FAB00080D505F0200C01F0805E5CEA0E063FF474
:10FAC00079AFC36E002B92D0BDE8704018475E0737
:10FAD000A8D5CE07A6D504261662D4F8886046F0CD
:10FAE0000206C4F888609DE7236F002B3FF47FAFC8
:10FAF0002046BDE8704018474FF48013204613623B
:10FB0000BDE8704001F068BB2046FEF7AFFC70BD59
:10FB100013682020002123F040031360C4F8800004
:10FB200020462167FEF70CFC70BD2046BDE8704002
:10FB300001F056BBE36E002B90D020469847226818
:10FB40008CE72046BDE8704001F048BB2046FEF738
:10FB50008DFCC4F8885070BD01000010FEFFFFEF5F
:10FB600065FB002408B5806B0023A0F85E30A0F888
:10FB70005630FEF77BFC08BDD0F88020D0F884001A
:10FB800010437047F0B58268044687B02368D0E917
:10FB900004101D680A43616E0243E06902430A4390
:10FBA000A8492940A84D0A43E168AB421A605A6847
:10FBB00022F4405242EA0102A1695A6000F09D809D
:10FBC000226A9D681143A14A666A2A4011439960DE
:10FBD000DA6A22F00F023243DA629D4A934224D05D
:10FBE0009C4A934255D09C4A934200F02F829B4AF4
:10FBF000934200F09B829A4A934200F0E980994A2E
:10FC0000934200F09D82984A934200F0D885974A2B
:10FC1000934200F0D682012500234FF001122846BE
:10FC20002367C4E91A2307B0F0BD914B5B6D03F065
:10FC30003803282BEFD88F4AD55CB0F5004F33D06E
:10FC4000202D00F2D981202D00F2B680DFE815F0DA
:10FC5000A8017B01B400B4007201B400B400B40088
:10FC60004901B400B400B400B400B400B400B4005E
:10FC70001C01B400B400B400B400B400B400B4007B
:10FC8000B400B400B400B400B400B400B400B400D4
:10FC9000CA00774B5B6D03F00703052BBBD8764A90
:10FCA000B0F5004FD55CCBD1202D00F21482202D71
:10FCB00000F20082DFE815F08A035804FE01FE011D
:10FCC0002804FE01FE01FE018604FE01FE01FE0184
:10FCD000FE01FE01FE01FE01F203FE01FE01FE0136
:10FCE000FE01FE01FE01FE01FE01FE01FE01FE011C
:10FCF000FE01FE01FE01FE01B7039868534A02406F
:10FD00005B480A439A60DA6A616A22F00F020A438A
:10FD1000DA62836D03F00703052B3FF67CAF574A89
:10FD2000D65C202E00F29C81012E7FF674AFB31EAC
:10FD30001E2B3FF670AF01A252F823F0F30201240C
:10FD400017FC00249D02012417FC002417FC00244A
:10FD500017FC00246703012417FC002417FC00246F
:10FD600017FC002417FC002417FC002417FC0024B7
:10FD700017FC00240703012417FC002417FC0024AF
:10FD800017FC002417FC002417FC002417FC002497
:10FD900017FC002417FC002417FC002417FC002487
:10FDA00017FC002417FC002417FC002417FC002477
:10FDB00017FC00247D03012401250023A3F1100179
:10FDC0004FF6EF7291423FF626AF2268D36023E7E9
:10FDD000274B5B6D03F00703052B3FF61CAF284A4A
:10FDE000D55C2AE7002E00F0B581012E00F09E853B
:10FDF000022E00F0B185032E00F0D885042E00F00D
:10FE0000F485052E00F08486062E00F0BE86072EAF
:10FE100000F0FD86082E00F05087092E00F07B8749
:10FE20000A2E00F0DC8743F60953164A0B2E18BF42
:10FE300013466268002503EB5203B3FBF2F39BB257
:10FE4000BCE700BFF369FFCF000C0058FFF4FF11BF
:10FE5000001001400044004000480040004C0040B9
:10FE6000005000400014014000780040007C004039
:10FE7000004402583C430124684301247043012498
:10FE80006843012400093D00B34B1A68920640F113
:10FE90006F811A68B14BC2F3C102D340002EC8D0A3
:10FEA000012E00F0EF81022E00F0C584032E00F039
:10FEB000BF84042E00F02B85052E00F09D86062EB3
:10FEC00000F0DC86072E00F01C86082E00F04E861F
:10FED000092E00F08E860A2E00F0E3860B2EA8D1A4
:10FEE00026E003A8F9F7F0FF626A049B002AA0D07D
:10FEF000012A00F0C781022A00F09D84032A00F045
:10FF00009784042A00F00385052A00F0FD84062A60
:10FF100000F07E85072A00F0F485082A00F0268686
:10FF2000092A00F066860A2A00F0BB860B2A80D1D7
:10FF30001B0A7EE76846F9F709FF626A019B002AFF
:10FF40003FF477AFD4E7F9F7A1F8636A03B3012B65
:10FF500000F0F384022B00F0CE84032B00F0C88461
:10FF6000042B00F01785052B00F01185062B00F0FF
:10FF70000686072B00F04886082B00F09B86092B8D
:10FF800000F0E1860A2B00F03B870B2B08BF000A2C
:10FF90006268002500EB5203B3FBF2F39BB20DE75E
:10FFA000F9F758F8636A03B3012B00F0C984022BF8
:10FFB00000F0A784032B00F0A184042B00F0E4845C
:10FFC000052B00F0DE84062B00F0E685072B00F001
:10FFD0003686082B00F08786092B00F0B1860A2BA5
:10FFE00000F0FA860B2B08BF000A626800EB520390
:10FFF000B3FBF2F39BB2E1E6402D7FF40CAE002E92
:020000042401D5
:1000000000F0DC80012E00F09484022E00F0A78422
:10001000032E00F0C784042E00F0EC84052E00F0BF
:100020007A85062E00F0B485072E00F0FE85082E96
:1000300000F04986092E00F08B860A2E00F02987F1
:100040000B2E0CBF80234FF40043F2E6424B5B6D56
:1000500003F00703052B3FF6DEAD414AD55CECE526
:10006000402E7FF4D8AD002900F0B580012900F0C2
:100070006E84022900F08284032900F0AF840429F1
:1000800000F03B85052900F06985062900F0AD8563
:10009000072900F0EF85082900F03686092900F0CD
:1000A0005B860A2900F0F9860B290CBF80254FF4E6
:1000B000004592E001250023A3F110014FF6EF72F5
:1000C00091423FF6A8AD23F00F02C3F3420313435E
:1000D0002268D360A0E5402D7FF49DAD002E00F096
:1000E000D380012E00F0D280022E00F06D84032E0A
:1000F00000F0F484042E00F02585052E00F06885BC
:10010000062E00F0C285072E00F01086082E00F0A3
:100110004886092E00F059860A2E00F0EC860B2E38
:100120000CBF4FF480704FF48030AFE00A4B5B6D32
:1001300003F00703052B3FF66EAD0A4AD55C7CE55C
:10014000054B5B6D03F03803282B3FF664AD064A80
:10015000D55C72E5054B6CE6004402580090D00374
:1001600068430124684301243C43012400093D0005
:10017000002E00F0BA83012E00F0FD83022E00F065
:100180002A84032E00F0B684042E00F0E484052EA9
:1001900000F02885062E00F08785072EDAD0082E7D
:1001A00000F0C483092E00F0D7830A2E00F01D84CE
:1001B000B44BB54A0B2E18BF13463AE64FF4004332
:1001C00037E6B24B5B6D03F00703052B3FF623AD1B
:1001D000AF4AD55C31E54FF40045676807EB47034C
:1001E000AB423FF618ADB5EB073F3FF614AD202EFE
:1001F00000F2F082012E7FF60EAD023E1E2E3FF67B
:100200000AAD01A353F826F04507012417FC00248A
:100210001B07012417FC002417FC002417FC0024F2
:10022000B906012417FC002417FC002417FC002445
:1002300017FC002417FC002417FC002417FC0024E2
:100240004D06012417FC002417FC002417FC002491
:1002500017FC002417FC002417FC002417FC0024C2
:1002600017FC002417FC002417FC002417FC0024B2
:1002700017FC002417FC002417FC002417FC0024A2
:10028000D50501245B08D4E54FF480306268002571
:1002900000EB5203B3FBF2F39BB20DE76846F9F7AC
:1002A00055FD636A019D03B3012B00F0CF82022B41
:1002B00000F0C782032B00F0C182042B00F02F83D3
:1002C000052B00F02983062B00F09883072B00F004
:1002D0002684082B00F04D84092B00F09B840A2B08
:1002E00000F0FB840B2B00F06582002D3FF494ACF2
:1002F00073E7F9F719FD636A0546002BD4D1002D89
:100300003FF48AAC69E7614B1A68950640F1A58213
:100310001B685D4DC3F3C103DD4000293FF45DAFB1
:10032000012900F04D83022900F04683032900F0E3
:100330004083042900F04584052900F083840629C0
:1003400000F0D484072900F02085082900F04F85AB
:10035000092900F0F9850A2900F0FD850B297FF4B1
:100360003CAF2D0A39E703A8F9F7AEFD636A049D97
:10037000002B99D1002D3FF44FAC2EE7002900F05F
:100380006A82012900F0DF82022900F0F28203294B
:1003900000F02883042900F0AA83052900F0D883FF
:1003A000062900F02E84072900F06184082900F056
:1003B000AF84092900F0EF840A2900F0148543F680
:1003C0000955344B0B2918BF1D4606E7F8F742FEC6
:1003D000636A03B3012B00F0CA82022B00F0F7829C
:1003E000032B00F07F83042B00F0B083052B00F07B
:1003F000EB83062B00F05084072B00F09E84082B23
:1004000000F0B984092B00F0E4840A2B00F0708519
:100410000B2B08BF000A61684A0802EB4003B3FBDC
:10042000F1F39BB248E6002E00F03A82012E00F074
:100430009A82022E00F0C682032E00F04D83042E15
:1004400000F07E83052E00F0BA83062E00F0218492
:10045000072E00F06F84082E00F08284092E00F031
:10046000CC840A2E00F06C8547F612230A4A0B2E24
:1004700018BF13466268002503EB5203B3FBF2F387
:100480009BB219E690D003000090D00300440258BC
:100490006843012400093D0000127A00A44B1A6849
:1004A000910640F1FF811A68A24BC2F3C10223FA00
:1004B00002F206B3012E00F0B182022E00F0378363
:1004C000032E00F06F83042E00F0C683052E00F08B
:1004D0000084062E00F06F84072E00F07184082E31
:1004E00000F00385092E00F03C850A2E00F03685C9
:1004F0000B2E08BF120A616800254B0803EB42036C
:10050000B3FBF1F39BB2D7E56846F9F71FFC626ACB
:10051000019902B3012A00F00782022A00F01A8230
:10052000032A00F03A82042A00F06282052A00F0D1
:10053000EB82062A00F01683072A00F07483082A4B
:1005400000F0A183092A00F001840A2A00F05B84EC
:100550000B2A08BF090A62680025530803EB410310
:10056000B3FBF2F39BB2A7E5F8F790FD636A03B320
:10057000012B00F0FA81022B00F02B82032B00F0FC
:100580008382042B00F0DA82052B00F02583062BF2
:1005900000F06983072B00F0C283082B00F0EE8384
:1005A000092B00F07E840A2B00F08D840B2B08BFF2
:1005B000000A616800254A0802EB4003B3FBF1F32F
:1005C0009BB279E503A8F9F77FFC626A0499002AD7
:1005D000C1D09FE7616A002900F05482012900F030
:1005E0001F83022900F08B83032900F0BF830429B5
:1005F00000F00084052900F0AA84062900F08E840A
:10060000072900F08784082900F0E584092900F013
:10061000DE840A2900F0A8844748484B0B2918BFFC
:10062000184600217B083A4618184FF0000341F1A4
:100630000001EFF7ADFEA0F54073414A93423FF64B
:10064000EAAA23680025D860FFF7E6BA384A11689D
:1006500011F0200100F0E781136800213548C3F351
:10066000C103D840636A0BB3012B00F04B83022B0C
:1006700000F07F83032B00F00584042B00F05D84E1
:10068000052B00F02C84062B00F0A984072B00F02A
:10069000B484082B00F0AD84092B00F094840A2B5D
:1006A00000F08D840B2B01D1000A00210902030206
:1006B00041EA10617808B6E703A8F9F705FC049849
:1006C000636A002102460BB3012B00F03582022B36
:1006D00000F08682032B00F0C182042B00F02183FE
:1006E000052B00F04D83062B00F09083072B00F0C4
:1006F0002184082B00F00B84092B00F004840A2BC2
:1007000000F052840B2B01D1100A0021626809020B
:10071000030241EA1061500886E76846F9F716FBC4
:100720000198636A00210246002BEFD0CCE700BF9E
:10073000004402580090D00300093D000000093D2C
:10074000FFFC0F00F9F7F0FA626A002103460AB3D2
:10075000012A00F06E82022A00F0B982032A00F01A
:100760002483042A00F09383052A00F0A683062A36
:1007700000F0DA83072A00F0D583082A00F01C84F1
:10078000092A00F015840A2A00F02F840B2A01D1CF
:10079000030A002162680902180241EA1361530842
:1007A000C0184FF0000341F10001EFF7F1FDA0F593
:1007B000407342E72D0A002D3FF42EAA0DE5B54BFC
:1007C0005B6D03F00703052B3FF625AAB24AD55C03
:1007D000FFF733BA402E7FF41EAA616A002900F0A9
:1007E0004E81012900F02782022900F0848203292A
:1007F00000F0CE82042900F05783052900F05983C8
:10080000062900F06883072900F06083082900F0BA
:10081000B783092900F0AF830A2900F0C0830B29B0
:100820004FF000010CBF4FF400404FF40000F9E618
:100830009A4AA2FB03239B08FFF7FBBA974BA3FB43
:100840000535AD08002D3FF4E7A9C6E46D08002D7D
:100850003FF4E2A9C1E4924DBFE400295AD0012936
:1008600000F0AC80022900F0DB80032900F06181F8
:10087000042900F0A181052900F0EB81062900F090
:1008800016820729E7D008295DD0092971D00A29E5
:1008900000F02D81834D844B0B2918BF1D469CE42D
:1008A000824BE7E5002E50D0012E00F0AF80022EE3
:1008B00000F03B81032E00F07A81042E00F0C78106
:1008C000052E00F0FD81062E00F04D82072EE7D0A8
:1008D000082E48D0092E75D00A2E00F03181744BB5
:1008E000744A0B2E18BF1346C4E56F4BFFF7A1BA2D
:1008F0006A4BA3FB00308008FFF74ABB674BA3FBA2
:1009000000308008FFF771BB6B4AA2FB0323DB08B2
:10091000FFF78FBA644D60E4674BA3FB0535ED0824
:10092000002D3FF479A958E4490814E6634BFFF71A
:1009300080BA4FF48043FFF77CBA4008FFF728BB2A
:100940004008FFF752BB5D4D47E45A4B92E54FF428
:10095000804542E48908FEE5594BFFF76ABA4FF437
:100960000053FFF766BA4E4B84E5400821E6400885
:1009700051E5534D31E4534BFFF75BBA4FF400554B
:100980002BE44D4BA3FB0030C008FFF72EBB4A4BB6
:10099000A3FB0030C008FFF7FBBA404BA3FB0123C9
:1009A0009908D8E541F25553FFF743BA464BFFF794
:1009B00040BA3A4BA3FB0535AD080EE4414D0CE4BB
:1009C0006D080AE43D4B55E54FF480405EE4800835
:1009D00021E58008EDE53D4BFFF72BBA41F2555577
:1009E000FFF7FBBB384DFFF7F8BB314BFFF721BAE0
:1009F000C908B0E54FF48053FFF71BBA0C23B5FBD1
:100A0000F3F5002D3FF408A9FFF7E7BB264B31E5CE
:100A1000224AA2FB0323DB08FFF70BBA52086AE560
:100A20002A4DFFF7DABB626A002A00F0C280012A71
:100A300000F07981022A00F0B281032A00F0C3811C
:100A4000042A00F05E82052A00F05982062A00F08E
:100A50009E82072A00F09982082A00F09D82092AC6
:100A600000F097820A2A00F083820B2A184A0E4B64
:100A70000EBF00210321134678083A4690E64FF452
:100A80000000CFE51348CDE5044BA3FB00239808F5
:100A90008FE500BF0044025868430124ABAAAAAA0C
:100AA00000093D0090D003000090D00300127A00AE
:100AB00020A107000020A107CDCCCCCC80841E0053
:100AC00040420F000048E8012A2C0A000024F400EC
:100AD000000090D00000093DCF4BCBE442F6AA20A5
:100AE000FFF7D4BBCD4BA3FB0023980893E4CC4D78
:100AF000FFF773BBCB4BFFF79CB94FF48055FFF763
:100B00006CBB1B09FFF795B90A23B1FBF3F122E592
:100B1000C54BFFF78EB940F6CC43FFF78AB92D09D4
:100B2000002D3FF479A8FFF758BBC04BA2E4920810
:100B3000E1E4BC4DFFF751BB4008E7E5C00838E5EC
:100B4000BB4B97E44FF40050FFF7A0BBC00862E432
:100B5000B54DFFF742BBB74BFFF76BB940F6CC453D
:100B6000FFF73BBB0C23B1FBF3F1F4E45B09FFF7A8
:100B700060B96D09002D3FF44FA8FFF72EBBA74BBE
:100B8000A3FB0030C008FFF703BAAB4BFFF751B926
:100B900040F6AA23FFF74DB9A04BA3FB0030C008D5
:100BA000FFF723BA9D4BA3FB02239A08A3E4A34BB0
:100BB00060E4A34B03215FE79E4DFFF70EBBA14B03
:100BC00058E4ED08FFF709BB0A23B0FBF3F022E479
:100BD00041F69810FFF75ABB0A23B0FBF3F0E8E4A4
:100BE000800893E5984BFFF724B940F6AA25FFF754
:100BF000F4BA9B09FFF71DB90A22B3FBF2F3FFF722
:100C000018B98D4DFFF7E9BA0009FFF7C1B98F4B4D
:100C1000FFF70FB9AD09002D3EF4FEAFFFF7DDBAC7
:100C20008B480021FEE4090995E44FF40063FFF7C7
:100C300000B94308AEE54FF480000021F2E400095A
:100C4000FFF7D3B90A23B5FBF3F5FFF7C6BA814B1B
:100C500010E47D4DFFF7C1BAD2084CE40622002310
:100C6000EFF796FB52E50C23B0FBF3F0A1E4774DD0
:100C7000FFF7B3BA4FF40065FFF7AFBA0C22B3FB2E
:100C8000F2F3FFF7D6B8490965E441F25450FFF793
:100C9000FDBA714BFFF7EEBB0C23B0FBF3F0FFF78F
:100CA000BABBDB09FFF7C5B86C4BFFF7C2B86B4D99
:100CB000FFF793BA4009FFF76BB9694BFFF7B9B873
:100CC000684BFFF7D7BB4FF48063FFF7B2B88308D8
:100CD00060E50A23B2FBF3F20DE4ED09002D3EF4CA
:100CE0009BAFFFF77ABA4009FFF77FB90C23B5FB3A
:100CF000F3F5FFF772BA4FF40010002192E45A485E
:100D000000218FE44008D1E44FF48065FFF765BA15
:100D1000534DFFF762BA4FF22443FFF78AB8000938
:100D200047E4C008F2E4514B1146A5E64FF4805069
:100D3000FFF7ACBA3A4BFFF79DBB0009FFF76BBB5F
:100D40008009FFF752B98009FFF722B9890902E447
:100D50004FF40073FFF76DB84FF40075FFF73DBA1D
:100D60003A4BFFF787BB2F4BFFF784BB404800216E
:100D700058E480089AE44009FFF74DBB400918E4A5
:100D80000A220023EFF704FBC0E42D09FFF725BA80
:100D90003848002146E44FF22445FFF71EBA364B8F
:100DA0006AE64FF40060FFF771BA00230622EFF7FE
:100DB000EFFA0346EEE40C23B2FBF3F2FFF79BBB22
:100DC0001209FFF798BB2D4B56E64FF48060FFF7F2
:100DD0005DBA8009FFF71FBBC009FFF706B947F6E8
:100DE0001223FFF726B847F61225FFF7F6B96D096B
:100DF000FFF7F3B92248002114E4194BFFF73ABB7F
:100E0000C009FFF7C5B8C909FFF7A5BB0C2200232D
:100E1000EFF7BEFA7AE400BF54581400ABAAAAAAAE
:100E200020A10700AAC2A200801A06000048E8011B
:100E300040420F0000127A00151605005485450146
:100E4000000090D000350C0000A8610090D0030095
:100E50000080841E0024F4002A2C0A0055615100F1
:100E600048E801000050C3000040420F000048E87D
:100E7000002A2C0A00551500000024F400AAC2A282
:100E80000020A10706220023EFF782FA0EE4C30830
:100E900080E44FF48073FEF7CCBF4FF48075FFF70A
:100EA0009CB98009FFF785BB4FF480100021FFF744
:100EB000B9BB53480021FFF7B5BB00230A22EFF767
:100EC00067FA034666E4C009FFF773BB4FF40020DE
:100ED0000021FFF7A7BB4B480021FFF7A3BB0A2265
:100EE0000023EFF755FAFFF7E1BB5209FFF703BB09
:100EF000C009FFF790BA4FF40070FFF7C7B9424B33
:100F0000BAE5424BB8E590090021FFF7FFBB400965
:100F1000FFF7FCBB3E480021FFF784BB3D480021A2
:100F2000FFF780BB030935E400230C22EFF730FA0A
:100F300003462FE40009FFF7E9BBC008FFF7B6BB83
:100F40004FF22443FFF796BAAD09FFF746B932488E
:100F50000021FFF767BBED09FFF73FB9D209FFF7A3
:100F6000CABA9209FFF7C7BA2C480021FFF75ABB4B
:100F70002B4B002180E54FF400300021FFF752BBDE
:100F80004FF480200021FFF74DBB264B74E5264B24
:100F900072E5264B00216FE5254B00216CE54FF4EF
:100FA00080300021FFF73EBBD0090021FFF7AEBB28
:100FB00083090021FFF7EEBB4309FFF7EBBBC00934
:100FC0000021FFF773BB80090021FFF76FBB1948B1
:100FD0000021FFF727BB18480021FFF723BB0C2295
:100FE0000023EFF7D5F9FFF761BBC3090021FFF735
:100FF000D1BB40090021FFF759BB0009FFF756BBE1
:1010000000CC0C0000AA0A000000A8610000127ABF
:101010000090D0030015160500801A0600127A0011
:101020000020A1070000093D005561510040420F1A
:101030000080841E0024F4000048E801836ADA0777
:1010400010B406D50168C46A4A6822F4003222430B
:101050004A609C0706D50168046B4A6822F4803216
:1010600022434A60590706D50168446B4A6822F456
:10107000802222434A601A0706D50168846B4A68B9
:1010800022F4004222434A60DC0606D50168C46BA4
:101090008A6822F4805222438A60990606D5016844
:1010A000046C8A6822F4005222438A605A060AD5E8
:1010B0000168446C4A68B4F5801F22F4801242EA49
:1010C00004024A600BD01B0606D50268C16C536847
:1010D00023F400230B4353605DF8044B70474A68C8
:1010E000846C22F4C00222434A60ECE7002370B50E
:1010F0000446C0F88830F2F7F5FE054623681A6802
:1011000011070CD41A68520725D420220023C4F8F2
:1011100080201846C4F8842084F87C3070BDDE69D5
:1011200016F40016EED1F2F7DDFE431BB3F1007F9B
:101130002368F4D31A682021032022F4D0721A60A5
:101140009A6822F001029A60C4F8801084F87C60EA
:10115000C4F8841070BDDE6916F48006D5D1F2F7AC
:10116000C1FE431BB3F1007F2368F4D3E2E700BF65
:1011700080B3D0F8803010B5044633B322682423FE
:101180002046C4F88030136823F001031360FEF793
:10119000F9FC012817D0A36A8BB9236820465A6846
:1011A00022F490425A609A6822F02A029A601A68E1
:1011B00042F00102BDE810401A60FFF797BF2046D9
:1011C000FFF73CFFE9E7012010BD80F87C30FCF719
:1011D00015FED3E701207047704700BF704700BF7E
:1011E000704700BF0B460146184600F029B8012899
:1011F00038BF012010B50446204600F053F830B93E
:1012000000F006F808B900F00BF88047F4E710BDCD
:10121000024B1868BFF35B8F704700BF146100205A
:1012200008B5062000F004FE012002F061FF000076
:10123000024B0A460146186800F05AB8A40500207F
:1012400010B5054C13462CB10A4601460220AFF3F7
:10125000008010BD2046FCE70000000070B50D4D79
:101260000D4C641BA4100026A64209D10B4D0C4C5A
:1012700003F070FA641BA4100026A64205D170BDCD
:1012800055F8043B98470136EEE755F8043B98477C
:101290000136F2E77447012474470124744701249E
:1012A0009C470124024B0146186800F0A3B800BF18
:1012B000A4050020024B0146186800F02FB800BFBB
:1012C000A40500200A44914200F1FF3300D1704789
:1012D00010B511F8014B03F8014F9142F9D110BD3F
:1012E00002440346934200D1704703F8011BF9E71B
:1012F00037B5A1FB02244CB91146019200F07AF8EF
:10130000019A054630B9284603B030BD0C22026070
:101310000025F8E72146FFF7E3FFF4E737B500299A
:1013200044D051F8043C0190002BA1F10404B8BF53
:10133000E41801F0DDFC1E4A0198136833B96360BC
:10134000146003B0BDE8304001F0D8BCA34208D916
:10135000256861198B4201BF19685B6849192160D2
:10136000EDE71A465B680BB1A342FAD9116855182C
:10137000A5420BD1246821445418A3421160E0D146
:101380001C685B68536021441160DAE702D90C23C2
:101390000360D6E7256861198B4204BF19685B6852
:1013A000636004BF491921605460CAE703B030BDCF
:1013B0001861002070B50E4E0C463168054611B913
:1013C00000F0FEFC30602146284600F0F9FC431C8A
:1013D0000AD0C41C24F00304A04207D0211A2846D6
:1013E00000F0EEFC013001D14FF0FF34204670BD1B
:1013F0001C6100202DE9F041CD1C25F003050835C6
:101400000C2D38BF0C25002D074601DBA94205D95C
:101410000C233B6000263046BDE8F0812E4E01F0E3
:1014200067FC33681C4634BB29463846FFF7C2FFC9
:10143000431C04464DD134682646002E40D1236813
:101440003146384604EB030800F0BAFC80453AD137
:10145000216803356D1A25F0030508350C2D38BFBA
:101460000C2529463846FFF7A5FF01302BD023680D
:101470002B4423600EE02268521B1ED40B2A16D97F
:101480006119A342256018BF5960636808BF3160C5
:1014900062514B60384604F10B0601F02FFC26F038
:1014A0000706231DF21AB6D09B1BA350B3E7626850
:1014B000A3420CBF32605A60ECE723466468B2E78F
:1014C00034467668B9E70C233B60384601F016FCD9
:1014D000A1E72560DEE700BF18610020F0B52DED23
:1014E000028BB0EE408B85B017460D9D0C9E18EE1A
:1014F000902A25F02005002AB6BF2D220022B1EE49
:10150000408B462D0C461A7004D0452D00D1013475
:10151000022100E0032103AB019302AB00932246BA
:101520003346B0EE480B00F077FD472D01D1FB07A5
:101530001AD5462D00EB04020CD10378302B07D1CD
:10154000B5EE408BF1EE10FA1CBFC4F1010434601B
:1015500033681A44B5EE408BF1EE10FA08BF0392DF
:101560003021039B934207D3039B0E9A1B1A1360EF
:1015700005B0BDEC028BF0BD5C1C03941970F0E764
:10158000F7B503460029B8BF494203F8022BB4BFA0
:101590002D222B22092942702ADD0DF10704A446D1
:1015A0000A27A6460A4691FBF7F607FB16153035C3
:1015B000632A04F1FF340EF8015C3146F1DC30316E
:1015C000AEF1020504F8011C441C294661450AD30A
:1015D0000DF10902A2EB0E02654588BF00221344FB
:1015E000181A03B0F0BD11F8012B04F8012FEDE734
:1015F000302330318370C170031DF1E7000000001B
:101600002DE9F04F8BB00C46DDF8508016461F4692
:10161000054601F065FBD0F800B05846EEF760FED5
:1016200000230893D8F8003094F818902268073304
:1016300023F0070303F10801C8F800108246D3E93C
:101640000001C4E912019FED987B94ED120BB0EEFE
:10165000C06BB4EE476BF1EE10FA24DDB5EEC00BB3
:10166000F1EE10FA02D52D2384F84330904B9148C7
:10167000B9F1470F94BF984680460323236122F0B7
:1016800004020023226004930097334609AA2146EE
:10169000284600F0D3F9013040F08A804FF0FF3047
:1016A0000BB0BDE8F08FB4EE400BF1EE10FA09D7A5
:1016B00010EE903A002BBCBF2D2384F843307E48B7
:1016C0007E4BD5E7636809F0DF010491591C3CD1DA
:1016D000062363600023039308ABCDE9019342F432
:1016E000806207AB6168009322600DF11B032846FE
:1016F000FFF7F4FE049B0799472B804608D1C81CCE
:1017000002DB6368994241DDA9F102095FFA89F9B8
:10171000B9F1650F20D801394A4604F1500007910C
:10172000FFF72EFF089A04901318012A236102DCA8
:101730002268D20701D5013323619DF81B30002BAD
:10174000A2D02D2384F843309EE704994729C1D1C4
:10175000002BBFD10123BCE7B9F1660F18D10029D6
:1017600063680BDD216113B92268D00702D501330C
:101770000B4423610023A1650493DEE713B92268BB
:10178000D20701D50233F4E70123F2E74FF06709EE
:10179000089B994205DB23682161D807EAD54B1CD9
:1017A000E7E70029D4BFC1F1020201221344E0E7B8
:1017B00023685A0507D42369424631462846B8476C
:1017C00001302AD16AE7B9F1650F40F2E28094ED69
:1017D000127BB5EE407BF1EE10FA33D1384A01238B
:1017E00031462846B84701303FF458AFDDE90723BA
:1017F0009A4202DB2368D8070FD553465A46314632
:101800002846B84701303FF449AF4FF0000804F1D3
:101810001A09089B013B434509DC23689B0700F13B
:101820000881E068099B9842B8BF184638E7012351
:101830004A4631462846B84701303FF42FAF08F1F9
:101840000108E6E7079B002B3CDC1D4A01233146DB
:101850002846B84701303FF421AFDDE907231343A1
:1018600002D12368D907D8D553465A46314628466F
:10187000B84701303FF412AF4FF0000904F11A0AE3
:10188000079B5B424B4501DC089B95E701235246D1
:1018900031462846B84701303FF400AF09F101094D
:1018A000EEE700BFAFF30080FFFFFFFFFFFFEF7F1A
:1018B0007C43012480430124884301248443012480
:1018C0008C430124089AA36D9A42A8BF1A46002AA5
:1018D000914638DC0023059329EAE97904F11A02DC
:1018E000A36D05990493A3EB09038B4233DCDDE977
:1018F00007239A423CDB2368DA0739D4089B049A11
:1019000007999A1AA3EB01099145A8BF9146B9F12D
:10191000000F35DC4FF0000829EAE97904F11A0AD2
:10192000DDE907239B1AA3EB090343457FF775AF56
:101930000123524631462846B84701303FF4AEAE47
:1019400008F10108ECE71346314642462846B847FD
:101950000130BFD1A2E60123314628460492B847A0
:1019600001303FF49BAE059B049A01330593B7E722
:1019700053465A4631462846B8470130BED18DE617
:10198000049A4B46424431462846B8470130C1D1FB
:1019900084E6089A012A01DCDB0737D50123424699
:1019A00031462846B84701303FF478AE53465A4690
:1019B00031462846B84701303FF470AE94ED127BB3
:1019C000B5EE407BF1EE10FA1BD0089B08F1010246
:1019D000013B31462846B84701300ED15EE601236F
:1019E0004A4631462846B84701303FF457AE08F121
:1019F0000108089B013B4345F1DC049B04F15002C4
:101A0000DBE64FF0000804F11A09F2E70123424631
:101A1000DFE701234A4631462846B84701303FF404
:101A20003DAE08F10108E36809995B1A4345F0DC13
:101A3000F7E64FF0000804F11909F4E72DE9F04743
:101A4000164699468A680B69DDF820809342B8BF34
:101A50001346336091F8432007460C460AB1013320
:101A600033602368990642BF3368023333602568C8
:101A700015F0060506D104F1190AE36832689B1ACD
:101A8000AB4226DC94F84320131E226818BF0123C2
:101A900092062BD404F1430249463846C047013030
:101AA0001ED02368E568326803F00603042B08BFE4
:101AB000AD1AA36822690CBF25EAE575002593429B
:101AC000C4BF9B1AED1800261A34B5421AD1002063
:101AD00008E00123524649463846C047013003D149
:101AE0004FF0FF30BDE8F0870135C6E7E1185A1C1A
:101AF000302081F84300224494F8451082F84310C6
:101B00000233C7E70123224649463846C047013021
:101B1000E6D00136D9E700002DE9FF470F7E0C9D86
:101B2000782F914680460C469A4601F1430207D829
:101B3000622F0AD8002F00F0D880582F00F0A38021
:101B400004F1420584F842703AE0A7F16303152BD3
:101B5000F6D801A151F823F0B11B0124C51B0124C3
:101B6000411B0124411B0124411B0124411B012471
:101B7000C51B0124411B0124411B0124411B0124DD
:101B8000411B0124D11C0124F51B0124B31C012499
:101B9000411B0124411B0124F31C0124411B01248E
:101BA000F51B0124411B0124411B0124BB1C012402
:101BB0002B681A1D1B682A6004F1420584F8423024
:101BC0000123A3E020682968060601F104030AD571
:101BD0000E682B60002E03DA2D23764284F8433002
:101BE0005E480A2319E00E682B6010F0400F18BF02
:101BF00036B2EFE72B682068191D2960010601D570
:101C00001E6802E04606FBD51E8854486F2F0CBFA5
:101C100008230A23002184F843106568A560002D7D
:101C2000A2BF216821F0040121600EB9002D4DD022
:101C30001546B6FBF3F103FB1167C75D05F8017D9F
:101C40003746BB420E46F4D9082B0BD12368DE077A
:101C500008D5236961689942DEBF302305F8013C4D
:101C600005F1FF35521B2261CDF800A04B4603AAB7
:101C700021464046FFF7E2FE01304CD14FF0FF30E5
:101C800004B0BDE8F087354881F8457029682368BD
:101C900051F8046B29601D0614D5DF0744BF43F0DB
:101CA000200323601EB9236823F020032360102340
:101CB000B0E7236843F0200323607823284884F8A2
:101CC0004530E3E7590648BFB6B2E6E71546BBE73D
:101CD0002B6826686169181D286035061B6801D5C8
:101CE000196002E07006FBD51980002323611546B8
:101CF000BAE72B681A1D2A601D6862680021284611
:101D0000EEF7F6FA08B1401B6060636823610023B8
:101D100084F84330A8E723692A4649464046D0471D
:101D20000130ABD023689B0713D4E068039B984233
:101D3000B8BF1846A4E70123324649464046D0477B
:101D400001309BD00135E36803995B1AAB42F2DCAA
:101D5000EBE7002504F11906F5E700BF8E430124E7
:101D60009F4301240FB40A4B13B51C6824B1A36927
:101D700013B9204600F016FF05AB049AA168019341
:101D8000204601F0CBFC02B0BDE8104004B0704723
:101D9000A4050020094B13B51C68014634B1A369A2
:101DA00023B90190204600F0FDFE0199A26820466B
:101DB00002B0BDE8104001F0E1BD00BFA405002065
:101DC00038B5064D0023044608462B6002F07AF928
:101DD000431C02D12B6803B1236038BD246100206D
:101DE0001F2938B504460D4604D9162303604FF069
:101DF000FF3038BD426C12B152F821304BB9204649
:101E000000F030F82A4601462046BDE8384000F090
:101E100017B8012B0AD0591C03D1162303600120E7
:101E2000E7E7002442F82540284698470020E0E7ED
:101E3000024B01461868FFF7D3BF00BFA40500207E
:101E400038B5074D00230446084611462B6002F0C2
:101E500021F9431C02D12B6803B1236038BD00BFB8
:101E60002461002002F006B930B51446002C9BB066
:101E700005461A4605DA8B2303604FF0FF301BB08E
:101E800030BD4FF40273ADF80C3014BF04F1FF33D2
:101E90002346029305934FF6FF7300910491ADF82A
:101EA0000E3069461E9B01F00FFB431CBCBF8B2309
:101EB0002B60002CE3D0009B00221A70DFE70000AB
:101EC00007B5009313460A46014603480068FFF72A
:101ED000CBFF03B05DF804FBA405002038B5074D27
:101EE00004460846114600222A601A4602F0F8F815
:101EF000431C02D12B6803B1236038BD246100204C
:101F00002DE9F74F03690C69A3420746C0F28180AF
:101F1000013C01F1140800F1140505EB8403019361
:101F200058F8243055F8242001339A424FEA840BA4
:101F300008EB8409B2FBF3F631D34FF0000E4046B4
:101F4000AC46F24650F8042B93B206FB03E34FEA8B
:101F5000134E9BB2AAEB0303DCF800A0120C13FA99
:101F60008AF306FB02E20093009B4FEA124E92B204
:101F7000C2EB1A4202EB2342BDF80030814543EA2E
:101F800002434CF8043B4FEA224ADBD255F80B30AF
:101F90002BB9019B043B9D421A462ED33C61384627
:101FA00001F034F9002824DB013628464FF0000CFC
:101FB00058F8042BD0F800E093B2ACEB0303120CFA
:101FC00013FA8EF3C2EB1E4202EB23429BB243EAAA
:101FD0000243C14540F8043B4FEA224CE8D255F891
:101FE000242005EB840322B9043B9D421A460AD300
:101FF0003C61304603B0BDE8F08F1268043B002A14
:10200000CCD1013CC7E71268043B002AF0D1013C67
:10201000EBE70020EEE700002DE9F04F2DED028BFD
:10202000456A91B08DED020B59EC108B1C9C06910A
:10203000064608920C9375B91020FFF733F9024653
:10204000706220B9AA4BEA21AA4801F0E3FDC0E979
:1020500001550560C560736A196851B15A684A60D4
:10206000012393408B60304600F08EFE736A00229D
:102070001A60B9F10003BBBF23F0004303930023B0
:102080000122ACBF236022609B4B039CA3431CD165
:102090000C9A42F20F731360C4F3130353EA08035C
:1020A00000F0FD841D9B63B9944B1FE0944B01939A
:1020B00008331D9A1360019811B0BDEC028BBDE886
:1020C000F08F8E4B01930333F3E79DED028BB5EE5A
:1020D000408BF1EE10FA0BD10C9A012313601D9B7B
:1020E000002B00F0D98487481860431E0193E2E773
:1020F0000FA90EAA3046B0EE480B01F02DF9C4F33B
:102100000A5105460E98002946D018EE904AC4F3AD
:10211000130453EC182B44F07F5343F44013A1F203
:10212000FF31002443EC162BB7EE087B9FED6A5B72
:1021300036EE477B9FED6A6BA7EE056B9FED6A5B02
:1021400007EE901AB8EEE74BB0EE467BA4EE057BA7
:10215000FDEEC76BB5EEC07BF1EE10FA16EE90BA4D
:102160000A9408D5B8EEE66BB4EE476BF1EE10FAC0
:1021700018BF0BF1FF3BBBF1160F2FD8624B03EBDF
:10218000CB0393ED007BB4EEC78BF1EE10FA01D5D3
:102190000BF1FF3B002322E00F99014401F232438F
:1021A000202BC1BFC3F1400304FA03F301F2124430
:1021B00028FA04F8D6BFC3F1200343EA080808FA56
:1021C00003F807EE908AB8EE677B013917EE904A64
:1021D00053EC172BA4F1F8730124A3E701230B930D
:1021E000431A5A1E45BFC3F1010304930023002381
:1021F000059254BF04930593BBF1000F18DB059BB8
:10220000CDF824B05B4405930023069A092A49D8E7
:10221000052AC4BF043A0692069AA2F10202CCBF74
:1022200000240124032A48D8DFE802F00B2E2C3AC0
:10223000049B0022A3EB0B0304930992CBF1000350
:10224000E3E700220792089A002A39DC4FF0010ADE
:10225000D1465246CDF820A0776A0021796004204B
:1022600000F1140C944579682FD930460D9300F095
:102270004BFD0D9B01900246002849D1234B4FF4A2
:10228000D571E1E60122DDE700220792089A0BEB07
:10229000020A0AF101094A46012AB8BF0122DBE716
:1022A0000122F2E701240022CDE906244FF0FF3A93
:1022B0000021D14612220891CEE701220792F5E7CC
:1022C000DDF820A0D1465246C6E7013179604000D2
:1022D000C6E700BFAFF3008061436F63A787D23FBB
:1022E000B3C8608B288AC63FFB799F501344D33F05
:1022F000BD430124D44301240000F07FB9430124ED
:10230000B04301248D430124284501242E44012497
:10231000726A01991160B9F10E0F6CD8002C6AD065
:10232000BBF1000F40F3A080C1490BF00F0201EB9D
:10233000C2021BF4807F92ED007B4FEA2B1100F06C
:102340008780BC4A92ED086B88EE066B8DED026BC0
:1023500001F00F010322B74800297BD19DED026BEC
:1023600086EE077B8DED027B0B99002900F0A280A1
:10237000B7EE006B9DED027BB4EEC67BF1EE10FA7A
:1023800040F19880B9F1000F00F09480BAF1000F8D
:102390002FDDB2EE046B27EE067B8DED027B0BF199
:1023A000FF37013250469DED026BB1EE0C5B07EE3C
:1023B000902AB8EEE77BA7EE065B15EE904A52EC4A
:1023C000151BA4F15072002877D1B1EE047B36EED4
:1023D000476B42EC171BB4EEC76BF1EE10FA00F33B
:1023E0006382B1EE477BB4EEC76BF1EE10FA00F1F9
:1023F00058828DED028B0F9A002AC0F21D81BBF12D
:102400000E0F00F319818A4B03EBCB0393ED006BA6
:10241000089B002B80F2B780B9F1000F00F3B38066
:1024200040F03F82B1EE047B26EE076B9DED027B10
:10243000B4EEC76BF1EE10FA4C464F4680F21582AF
:10244000DDF80480312308F8013B0BF1010B11E2A8
:10245000022280E7CC0704D590ED006B013227EE15
:10246000067B4910083077E722D0CBF10001704A93
:1024700001F00F0002EBC00292ED007B28EE077B1B
:102480008DED027B6B4809110024022229B9002C32
:102490003FF46AAF8DED027B66E7CF0705D590ED7F
:1024A000006B0132012427EE067B49100830EDE76E
:1024B000022259E75F46484675E742EC171B5C4A23
:1024C00002EBC00212ED024B019A1418079A52B3A4
:1024D000B6EE003BB7EE002BDDF8048083EE045B24
:1024E000B2EE043B35EE477BFDEEC64B14EE902A70
:1024F000B8EEE45B303236EE456BB4EEC76BF1EE0E
:1025000010FA08F8012B39D432EE465BB4EEC75B03
:10251000F1EE10FA72D4A0453FF46BAF27EE037BC7
:1025200026EE036BE0E7DDF8048027EE047B21460E
:10253000B2EE043BFDEEC64B14EE902A303208F8A2
:10254000012BA045B8EEE45B36EE456B18D1B6EE34
:10255000005B37EE054BB4EEC46BF1EE10FA4DDCC8
:1025600035EE477BB4EEC76BF1EE10FA7FF541AF65
:102570008846013918F8013C302BF9D0BB462AE0D7
:1025800026EE036BD6E79DED027BB2EE044BDDF841
:10259000048087EE065BBDEEC55B15EE103A303366
:1025A00008F8013B019BA8EB03039945B8EEC53B36
:1025B000A3EE467B33D137EE077BB4EEC67BF1EE5C
:1025C00010FA1ADCB4EE467BF1EE10FA03D115EEE8
:1025D000103AD90711D42946304600F0D5FB002324
:1025E0000C9A88F800300BF1010313601D9B002B3F
:1025F0003FF461ADC3F800805DE55F464346984611
:1026000013F8012D392A06D1019A9A42F7D101997E
:10261000302201370A701A7801321A70AEE727EEBD
:10262000047BB5EE407BF1EE10FAB2D1D3E700BFE8
:1026300028450124004501240799002900F0D08095
:102640000699012900F3B4800A99002900F0AC80B2
:1026500002F23342DDF810801C460A93049B1344B7
:102660000493059B012113443046059300F044FC7C
:102670000A9B0746B8F1000F0DDD059A002A0ADD16
:1026800042450499A8BF4246891A04910599A8EBCE
:1026900002088A1A059203B3079A002A00F0A5805F
:1026A000002C13DD3946224630460D9300F0E4FC41
:1026B0002A4601460746304600F034FC29460A9077
:1026C000304600F061FB0A9A0D9B15461A1B04D098
:1026D0002946304600F0D0FC05460121304600F086
:1026E0000BFC099B002B044640F381801A460146EF
:1026F000304600F0C1FC069B012B04467ADD002326
:102700000A93226904EB8202106900F0A5FBC0F174
:102710002000059B184410F01F0000F08C80C0F1D1
:102720002002042A40F38580C0F11C00049B03446E
:102730000493059B034480440593049B002B05DD13
:1027400029461A46304600F0F1FC0546059B002B51
:1027500005DD21461A46304600F0E8FC04460B9B96
:10276000002B6AD02146284600F050FD002864DA8C
:10277000002329460A22304600F028FB079B0BF174
:10278000FF3B0546002B00F09181394600230A22C9
:10279000304600F01BFBBAF1000F074600F38D80B6
:1027A000069B022B50DC88E00E9AC2F1360251E7FC
:1027B00009F1FF34A342BFBF099AE31AD218099264
:1027C000B6BF23461C1B0024B9F1000FB5BF049A05
:1027D000DDF81080A2EB09084A46B8BF00223CE7AA
:1027E000DDF81080079F1C4644E71A4670E7069BF9
:1027F000012B18DC029BB3B9039BC3F31302A2B9EC
:1028000023F00042120D12058AB1049B0133049398
:10281000059B0133059301230A93099B002B7FF449
:1028200070AF012075E70023F6E7029BF4E70A92F8
:10283000F3E782D010461C3078E7B9F1000F37DC9F
:10284000069B022B34DDCA46BAF1000F0DD121469A
:1028500053460522304600F0B9FA014604462846A0
:1028600000F0D4FC00283FF7EBAD089BDDF80480B6
:102870006FEA030B4FF000092146304600F084FA5E
:10288000002F3FF4A8AEB9F1000F05D0B94503D031
:102890004946304600F078FA3946304600F074FA7E
:1028A00099E600242746E0E7BB4604460746C7E50D
:1028B000079BCA46002B00F00081B8F1000F05DD30
:1028C00039464246304600F031FC07460A9B002B51
:1028D0005DD07968304600F017FA804628B9824BFF
:1028E000024640F2EA21FFF7AFBB3A69023292009A
:1028F00007F10C010C30FEF7E5FC012241463046A1
:1029000000F014FC019B01330493019B5344089392
:10291000029B03F00103B94607930746049B214637
:10292000013B28460293FFF7EBFA0346303305904C
:1029300049462846099300F069FC3A4682462146FA
:10294000304600F07FFCC268099B80460ABB014606
:10295000284600F05BFC099B024641463046CDE923
:10296000093200F011FA069B0A9ADDF8108043EA5A
:102970000201079B0B43099B0DD1392B29D0BAF1DA
:10298000000F01DD059B3133029A137074E738465E
:10299000B8E70122E1E7BAF1000F06DB069941EA48
:1029A0000A0A07995AEA010120D1002AECDD2946DA
:1029B00001223046049300F0B9FB2146054600F0A1
:1029C00025FC0028049B02DCDED1DA07DCD5392B9C
:1029D000D8D1029A3923137043469846013B18F820
:1029E000012C392A51D001321A7045E7002A03DD43
:1029F000392BEED00133C7E7049A089902F8013C5D
:102A00008A422BD0294600230A22304600F0DEF904
:102A1000B94505464FF000034FF00A0249463046DB
:102A200007D100F0D3F981460746049B0133049394
:102A300074E700F0CBF93946814600230A2230467C
:102A400000F0C4F90746F0E7BAF1000F019ACCBFD5
:102A5000D0464FF0010890444FF00009294601226A
:102A60003046029300F062FB2146054600F0CEFBA3
:102A70000028B1DC02D1029BDB07ADD44346984667
:102A800013F8012D302AFAD0F6E6019A9A42A4D121
:102A90000BF1010B312378E7144BFFF727BB1D9B8C
:102AA000002B7FF403AB124BFFF720BBBAF1000FF2
:102AB00003DC069B022B3FF7C7AEDDF804802146FE
:102AC0002846FFF71DFA00F1300308F8013B019A90
:102AD000A8EB02029245B7DD294600230A223046C0
:102AE00000F074F90546EAE72E4401248C430124E2
:102AF000B0430124002310B50446C0E90033C0E907
:102B00000433836081814366C28183611946082250
:102B10005C30FEF7E5FB054B6362054BA362054B9A
:102B2000E362054B2462236310BD00BF0D3A01240C
:102B30002F3A0124673A01248B3A0124014900F01D
:102B4000AFB800BF7D3D012470B568224D1E5543CE
:102B50000E4605F17401FEF74DFC044640B100211C
:102B6000C0E900160C30A06005F16802FEF7B8FB62
:102B7000204670BD014800F0B8B800BF21610020B8
:102B8000014800F0B3B800BF21610020014800F007
:102B9000ACB800BF22610020014800F0A7B800BF18
:102BA0002261002010B50446FFF7F0FFA3691BB1B6
:102BB000BDE81040FFF7F0BFC4E912332365134BA3
:102BC000134A1B68A262A34204BF0123A3612046EB
:102BD00000F020F86060204600F01CF8A06020465D
:102BE00000F018F80022E06004216068FFF782FF1F
:102BF000A06801220921FFF77DFFE068022212216F
:102C0000FFF778FF0123A361D2E700BF78430124D7
:102C10003D2B0124F8B50746FFF7ACFF1E4B1E689D
:102C2000B36913B93046FFF7BDFF4836D6E9013422
:102C3000013B03D533680BB33668F7E7B4F90C50A2
:102C4000D5B9164BE36004F15800656600F04CF806
:102C5000FFF796FFC4E90155C4E904552560A56155
:102C60000822294604F15C00FEF73AFBC4E90D5541
:102C7000C4E912552046F8BD6834D9E70421384626
:102C8000FFF762FF044630600028D5D1FFF778FFD8
:102C90000C233B60EEE700BF784301240100FFFFF7
:102CA0002DE9F8430646884600F148040027D4E998
:102CB0000195B9F1010905D52468002CF7D13846F2
:102CC000BDE8F883AB89012B07D9B5F90E30013384
:102CD00003D029463046C04707436835E9E700007E
:102CE00000487047F80600207047704770470000A2
:102CF0000148FFF7FABF00BF206100200148FFF73D
:102D0000F5BF00BF2061002070B5466A04460D463D
:102D100076B91020FEF7C6FA0246606220B9184B59
:102D20001848662100F076FFC0E901660660C660BB
:102D3000666AF36883B1636ADB6853F82500B8B943
:102D4000012101FA05F6721D92002046FEF7D0FA25
:102D500060B1C0E901560EE0212204212046FEF7B1
:102D6000C7FA636AF060DB68002BE4D1002070BD15
:102D7000026843F825200023C0E90333F7E700BFCA
:102D8000BD430124A044012470B5466A05460C46A3
:102D900076B91020FEF786FA0246686220B9094B20
:102DA00009488A2100F036FFC0E901660660C66066
:102DB0003CB16B6A6268DB6853F82210216043F80B
:102DC000224070BDBD430124A04401242DE9F041FF
:102DD0000D6907460C461E4601F1140C0020DCF874
:102DE000003099B202FB01611E0C0B0C02FB063392
:102DF00089B2013001EB034185424CF8041B4FEAD4
:102E00001346ECDC0EB3A368AB4219DC61683846AC
:102E10000131FFF779FF804628B902460C4B0D4877
:102E2000B52100F0F7FE2269023204F10C01920094
:102E30000C30FEF747FA21463846FFF7A5FF444617
:102E400004EB850301355E6125612046BDE8F08114
:102E50002E440124A0440124030C1B04D3B9000414
:102E6000102310F07F4F04BF0002083310F0704FA2
:102E700004BF0001043310F0404F04BF8000023350
:102E8000002805DB10F0804F03F1010308BF202369
:102E9000184670470023E4E7036813F00702014671
:102EA0000BD0DA0723D4980749BF5B089B080120A1
:102EB0000B605CBF0B600220704798B2A8B91B0C76
:102EC0001020DAB20AB908301B0A1A0704BF1B091E
:102ED00004309A0704BF9B080230DA0703D45B086A
:102EE00000F1010005D00B6070471046E9E70020B3
:102EF000704720207047000010B50C460121FFF7F5
:102F000003FF024628B9054B05484FF4A07100F0B5
:102F100081FE01234461036110BD00BF2E440124E2
:102F2000A04401242DE9F04F91460A69D9F81030E8
:102F30009A42B8BF0B460C46BCBF4C46994627691F
:102F4000D9F810A0A368616807EB0A06B34285B000
:102F5000B8BF0131FFF7D8FE30B90246444B4548AF
:102F600040F25D1100F056FE00F1140505EB8608F5
:102F70002B460022434521D304F1140303EB8707BA
:102F800009F1140303EB8A0202923A1B153A22F06C
:102F90000302043204F115018F4238BF042201926A
:102FA000029A03939A420CD8002E03DD58F8043D90
:102FB000002B5AD0066105B0BDE8F08F43F8042B12
:102FC000D8E7B3F800A0BAF1000F24D004F1140E32
:102FD000A9464FF0000C5EF8042BD9F800101FFA38
:102FE00082FB89B20AFB0B114FEA124BD9F8002081
:102FF00061444FEA124C0AFB0BC202EB114289B248
:1030000041EA0241774549F8041B4FEA124CE2D8E5
:10301000019A45F802C0039AB2F802900433B9F15C
:10302000000F20D0296804F1140CAE464FF0000ABE
:10303000BCF800B0BEF8022009FB0B22924489B212
:1030400041EA0A414EF8041B5CF8042BBEF800105C
:10305000120C09FB021101EB1A4167454FEA114AB4
:10306000E6D8019AA95004359AE7013E9CE700BFD3
:103070002E440124A04401242DE9F843154612F002
:10308000030206460F4607D0254C013A002354F8A8
:103090002220FFF79BFE0746AD103DD0746A7CB935
:1030A0001020FEF7FFF80246706228B91D4B1E483B
:1030B0004FF4D77100F0AEFDC0E901440460C46074
:1030C000D6F82480D8F808404CB940F27121304637
:1030D000FFF712FF0023C8F80800044603604FF012
:1030E0000009EB070AD5394622463046FFF71AFF9A
:1030F000394680463046FFF747FE47466D100BD0F5
:10310000206838B9224621463046FFF70BFF206081
:10311000C0F800900446E4E73846BDE8F88300BFF5
:10312000F0450124BD430124A04401242DE9F047CA
:103130000C464968236903EB6218A3680746914669
:103140004FEA621A08F10106B3420BDB3846FFF77B
:10315000DBFD054648B902462A4B2B4840F2D911FF
:1031600000F058FD01315B00EEE7002300F114018F
:1031700000F110021846534537DB20692AEAEA7A43
:1031800004F1140319F01F0901EB8A0103EB80001D
:103190002FD0C9F1200E8A464FF0000C1A6802FAAF
:1031A00009F242EA0C024AF8042B53F8042B984225
:1031B00022FA0EFCF2D8031B153B23F00303043361
:1031C00004F11502904238BF042341F803C0BCF15A
:1031D000000F01D008F10206013E38462E6121465B
:1031E000FFF7D2FD2846BDE8F08742F8040F01330F
:1031F000C1E7043953F8042B41F8042F9842F9D859
:10320000EAE700BF2E440124A044012430B502693E
:103210000C69121B0ED100F11403143103EB84006E
:1032200001EB840150F8045D51F8044DA54203D030
:1032300005D30122104630BD8342F3D3FAE74FF0A5
:10324000FF32F7E72DE9F84F0C46064611462046B7
:103250009046FFF7DBFF051E10D129463046FFF7E9
:1032600053FD30B93A4B024640F23221394800F062
:10327000D1FC0123C0E90435BDE8F88FA4BF434663
:10328000A0463046D8F80410A6BF1C4600250125EC
:10329000FFF73AFD20B92E4B02464FF41071E5E7D7
:1032A000D8F810702669C56004F1140908F11405F6
:1032B00000F1140E05EB870C09EB860608F11002ED
:1032C000F246002159F8043B52F804BF1FFA83F874
:1032D00011FA8BF11B0CA1EB0808C3EB1B4303EBAA
:1032E00028431FFA88F819144E4548EA03434AF860
:1032F000043BE7D8331B153B23F003030433153499
:10330000A64238BF04231D4473449E462E4666459C
:103310000ED30CF10302521B22F00302033DAC4515
:1033200038BF00221A4452F8043D7BB10761A3E77D
:1033300056F8048B11FA88F2141404EB184492B274
:1033400042EA04424EF8042B2114E0E7013FEAE789
:103350002E440124A04401242DE9F743894601218C
:1033600057EC106B9046FFF7CFFC044630B902468D
:10337000254B264840F20A3100F04CFCC7F30A55B1
:10338000C7F3130335BB002E019328D0684600967F
:10339000FFF782FD009900B3019AC0F1200302FA01
:1033A00003F30B43C24063610192019BA361002BB5
:1033B00014BF022201222261D5B1A5F23345054492
:1033C000C9F80050C0F13500C8F80000204603B02D
:1033D000BDE8F08343F48013D5E76161E5E701A818
:1033E000FFF75AFD019B6361012222612030E3E770
:1033F00004EB8203A0F23240C9F800001869FFF71D
:103400002BFDC0EB4210DFE72E440124A044012431
:103410002DE9F0478E689E4282460C4690461F4634
:1034200038D88A8912F4906F32D025680969A5EBE3
:103430000109656905EB450505EBD57501334B447D
:103440006D109D4238BF1D46530531D52946FDF705
:10345000D1FF064650B90C23CAF80030A38943F0C7
:103460004003A3814FF0FF30BDE8F08721694A4651
:10347000FDF728FFA38923F4906343F08003A38121
:10348000266165614E44A5EB09052660A5603E46B0
:10349000BE4200D93E4620683246414600F046FD15
:1034A000A3689B1BA3602368334423600020DBE7F1
:1034B0002A4600F055FD06460028E1D12169504614
:1034C000FDF72CFFC7E700002DE9F04F98468B89E8
:1034D0001B069DB007460D4614460ED50B6963B911
:1034E0004021FDF787FF2860286120B90C233B604D
:1034F0004FF0FF30D1E040236B610023099320237C
:103500008DF82930CDF80C803023DFF8A8818DF8B4
:103510002A304FF0010923469A4613F8012B0AB1CD
:10352000252AF9D1BAEB040B0BD05B46224629467B
:103530003846FFF76DFF013000F0AA80099A5A441F
:1035400009929AF80030002B00F0A28000234FF07F
:10355000FF32CDE905230AF1010A049307938DF8A0
:1035600053301A935446052214F8011B5148ECF7C6
:10357000BFFE049AD8B9D00644BF20238DF853303B
:10358000110744BF2B238DF853309AF800302A2BB3
:1035900015D0079A544600204FF00A0C214611F826
:1035A000013B303B092B4ED9B0B1079214E0A0EBA0
:1035B000080309FA03F313430493A246D2E7039BDB
:1035C000191D1B680391002BBBBF5B4242F0020236
:1035D00007930793B8BF049223782E2B0CD16378FE
:1035E0002A2B35D1039B1A1D1B680392002BB8BFF1
:1035F0004FF0FF3302340593DFF8C8A0217803228F
:103600005046ECF775FE40B14023A0EB0A0003FAE8
:1036100000F0049B03430134049314F8011B264873
:103620008DF828100622ECF763FE002838D0234BD3
:103630001BBB039B073323F0070308330393099B4A
:103640003344099367E70CFB02320C460120A5E7DF
:1036500000230134059319464FF00A0C204610F858
:10366000012B303A092A03D9002BC5D00591C3E7B5
:103670000CFB012104460123F0E703AB00932A462B
:103680000F4B04A93846FDF7BBFF421C0646D6D1B6
:10369000AB895B063FF52CAF09981DB0BDE8F08FF4
:1036A00003AB00932A46064B04A93846FEF734FACA
:1036B000EBE700BFFC450124064601240116012466
:1036C00011340124024601249368013B002B10B4FD
:1036D000936008DA9469A34201DB0A2903D15DF8FB
:1036E000044B00F0D7B91368581C106019700846D5
:1036F0005DF8044B7047F8B506460F461446D518DA
:10370000AC4201D1002007E014F8011B3A463046D4
:10371000FFF7DAFF431CF3D1F8BD00002DE9F04FAD
:103720000D469DB014469846064618B183690BB9FC
:10373000FFF738FA894B9D421BD175686B6ED9072C
:1037400005D4AB899A0502D4A86DFFF7CEFAAB89F0
:103750001B0701D52B69EBB92946304600F0ECF97F
:10376000C0B16B6EDC070ED54FF0FF301DB0BDE869
:10377000F08F7B4B9D4201D1B568DFE7794B9D42CD
:1037800008BFF568DAE7AB899805EDD4A86DFFF7B7
:10379000ADFAE9E70023099320238DF82930CDF80D
:1037A0000C803023DFF8C0818DF82A304FF00109FA
:1037B00023469A4613F8012B0AB1252AF9D1BAEB10
:1037C000040B0BD05B46224629463046FFF793FF99
:1037D000013000F0AA80099A5A4409929AF8003000
:1037E000002B00F0A28000234FF0FF32CDE905232B
:1037F0000AF1010A049307938DF853301A93544643
:10380000052214F8011B5848ECF772FD049AD8B948
:10381000D10644BF20238DF85330130744BF2B2318
:103820008DF853309AF800302A2B15D0079A544659
:1038300000204FF00A0C214611F8013B303B092BC8
:103840004ED9B0B1079214E0A0EB080309FA03F3D4
:1038500013430493A246D2E7039B191D1B680391EF
:10386000002BBBBF5B4242F0020207930793B8BF35
:10387000049223782E2B0CD163782A2B35D1039B0D
:103880001A1D1B680392002BB8BF4FF0FF330234A0
:103890000593DFF8E4A0217803225046ECF728FDD9
:1038A00040B14023A0EB0A0003FA00F0049B03435D
:1038B0000134049314F8011B2C488DF828100622BB
:1038C000ECF716FD00283FD0294B1BBB039B0733A9
:1038D00023F0070308330393099B3B44099367E7ED
:1038E0000CFB02320C460120A5E7002301340593AE
:1038F00019464FF00A0C204610F8012B303A092ADD
:1039000003D9002BC5D00591C3E70CFB0121044668
:103910000123F0E703AB00932A46164B04A9304677
:10392000FDF76EFE0746781CD6D16B6ED90705D41D
:10393000AB899A0502D4A86DFFF7D8F9AB895B066D
:103940003FF512AF099811E703AB00932A46094BE4
:1039500004A93046FEF7E0F8E4E700BF6044012424
:103960008044012440440124FC45012406460124EE
:1039700001160124F73601240246012470B50D46D4
:103980001446064618B183690BB9FFF70BF91C4BB7
:103990009C4224D17468636ED80705D4A389990525
:1039A00002D4A06DFFF7A1F9A368013B002BA3602F
:1039B00005DAA26993421CDBEBB20A2B19D023680B
:1039C0005A1C22601D70EDB2636EDA0705D4A3891C
:1039D0009B0502D4A06DFFF789F9284670BD094BFD
:1039E0009C4201D1B468D6E7074B9C4208BFF468FB
:1039F000D1E729462246304600F04CF80546E3E779
:103A000060440124804401244044012410B50C4644
:103A1000B1F90E1000F0D4FA0028ABBF636DA38992
:103A20001B1823F48053ACBF6365A38110BD2DE93F
:103A3000F0411F468B89DB0505460C46164605D529
:103A4000B1F90E100223002200F0E6F9A389B4F9BF
:103A50000E1023F48053A38132463B462846BDE82E
:103A6000F041FEF73BBA10B50C46B1F90E1000F06C
:103A7000D3F9431CA38915BF606523F4805343F435
:103A80008053A38118BFA38110BDB1F90E1000F0BF
:103A9000DFB80000F8B50E461446054618B1836934
:103AA0000BB9FFF77FF8214B9C422BD16C68A369BF
:103AB000A360A3891A072FD523696BB323692068F4
:103AC000C01A6369F6B28342374604DC21462846B1
:103AD00000F054F930BBA368013BA36023685A1C73
:103AE00022601E7063690130834204D0A389DB0722
:103AF00006D50A2E04D12146284600F03FF988B9A0
:103B00003846F8BD0A4B9C4201D1AC68CFE7094B5F
:103B10009C4208BFEC68CAE72146284600F00CF832
:103B20000028CBD04FF0FF37EAE700BF6044012404
:103B30008044012440440124324B70B51D68064680
:103B40000C4625B1AB6913B92846FFF72BF82E4B6D
:103B50009C420FD16C68A389B4F90C2019072CD4AE
:103B6000DD0611D40923336042F04003A3814FF0F6
:103B7000FF303EE0254B9C4201D1AC68EBE7244B83
:103B80009C4208BFEC68E6E7580712D5616B41B16B
:103B900004F14403994202D03046FDF7BFFB0023F5
:103BA0006363A38923F02403A38100236360236953
:103BB0002360A38943F00803A38123694BB9A38938
:103BC00003F42073B3F5007F03D02146304600F0A4
:103BD0005BF9A089B4F90C2010F001030AD000238E
:103BE000A36063695B42A361236943B910F080005D
:103BF000BAD170BD810758BF6369A360F4E70020A4
:103C0000F7E700BFA405002060440124804401249C
:103C1000404401241FB514461A46094B1B6805464B
:103C2000D8684CB1074B0091CDE9013406492B46C9
:103C300000F0E0F8FDF7F4FA044B1C46F3E700BF90
:103C4000A40500200D4601241A46012448460124FB
:103C500038B5064D0023044608462B6000F0FAF9FB
:103C6000431C02D12B6803B1236038BD24610020BE
:103C70008A892DE9F041054610070C4658D44B6857
:103C8000002B05DC0B6C002B02DC0020BDE8F08172
:103C9000E66A002EF9D0002312F480522F682B60C0
:103CA00032D0606DA3895A0705D56368C01A636B6B
:103CB0000BB1236CC01A00230246E66A216A28462B
:103CC000B047431CA38906D129681D292CD82A4A4C
:103CD000CA40D60728D500226260D9042269226032
:103CE00004D5421C01D12B6803B96065616B2F605C
:103CF0000029CAD004F14403994202D02846FDF7B6
:103D00000DFB00206063C1E7216A01232846B0470C
:103D1000411CC7D12B68002BC4D01D2B01D0162B02
:103D200001D12F60B1E7A38943F04003A381ADE740
:103D30000F69002FA9D093070E6808BF4B690F6069
:103D400018BF0023A6EB07088B60B8F1000F9CDDBD
:103D5000216AA66A43463A462846B047002806DC50
:103D6000A38943F04003A3814FF0FF308EE707445F
:103D7000A8EB0008E9E700BF0100402038B50B6957
:103D800005460C4613B90025284638BD18B183698D
:103D90000BB9FEF707FF144B9C421BD16C68B4F9BA
:103DA0000C30002BEFD0626ED00704D4990502D4FA
:103DB000A06DFEF79AFF28462146FFF759FF636E74
:103DC000DA070546E0D4A3899B05DDD4A06DFEF794
:103DD0008DFFD9E7054B9C4201D1AC68DFE7044B6E
:103DE0009C4208BFEC68DAE7604401248044012467
:103DF000404401240EB403B5014603AB054853F813
:103E0000042B00680193FFF789FC02B05DF804EB16
:103E100003B07047A405002038B5074D0446084696
:103E2000114600222A601A4600F03CF9431C02D1D8
:103E30002B6803B1236038BD2461002070B50E46A5
:103E4000B1F90E10002996B014461D4608DAB6F9ED
:103E50000C3000222A601A0610D44FF480630EE062
:103E60006A4600F0CDF80028F1DB019A02F47042B6
:103E7000A2F500535A425A412A60EEE7402300203F
:103E8000236016B070BD00008B8973B59D07064690
:103E90000C4607D504F147032360236101236361C6
:103EA00002B070BD01AB6A46FFF7C8FF0099054636
:103EB0003046FDF79FFA48B9B4F90C309A05EFD4B3
:103EC00023F0030343F00203A381E3E70D4BB36246
:103ED000A389206043F08003A381009B6361019B61
:103EE00020615BB1B4F90E10304600F09BF828B1A8
:103EF000A38923F0030343F00103A381A0890543B1
:103F0000A581CDE73D2B012482B001B901A942B1C1
:103F10004BB113780B601278101E18BF012002B04D
:103F200070471046FBE76FF00100F8E7884210B5D4
:103F300001EB020402D98442234607D8431EA14262
:103F400008D011F8012B03F8012FF8E702440146CD
:103F50008A4200D110BD13F8014D02F8014DF7E778
:103F60002DE9F041804614460E4621B9BDE8F041E6
:103F70001146FDF73FBA2AB9FDF7D0F92546284684
:103F8000BDE8F08100F05EF88442074602D8B4EB49
:103F9000500F12D821464046FDF72CFA054600285E
:103FA000EDD0BC422246314628BF3A46FDF78AF999
:103FB00031464046FDF7B2F9E1E73546DFE700005C
:103FC00038B5074D04460846114600222A601A46B5
:103FD00000F070F8431C02D12B6803B1236038BD98
:103FE0002461002049B1FF2A85BF8A2303600A703B
:103FF0004FF0FF3098BF012070470846704700001F
:1040000038B5074D00230446084611462B6000F0E2
:1040100029F8431C02D12B6803B1236038BD00BFCF
:104020002461002038B5064D0023044608462B6065
:1040300000F028F8431C02D12B6803B1236038BD7F
:104040002461002051F8043C181F002BBCBF0B5802
:10405000C0187047024B58221A604FF0FF3070476B
:1040600024610020024B58221A604FF0FF30704745
:1040700024610020024B58221A604FF0FF30704735
:1040800024610020024B58221A600020704700BFB4
:1040900024610020024B58221A604FF0FF30704715
:1040A00024610020024B58221A604FF0FF30704705
:1040B00024610020024B58221A604FF0FF307047F5
:1040C00024610020044A05491368002B08BF0B46F1
:1040D00018441060184670472861002000800030A6
:1040E000024B58221A604FF0FF30704724610020C5
:1040F000FEE700BF01080000010900000054004075
:1041000000580040005C0040001C005800000040C7
:104110000004004000080040000C0040250026007C
:104120002700340035004700520053008E00000085
:1041300049276D20576F726B696E67004675636B18
:1041400065640000583A2025642C20593A202564E3
:104150002C205A3A25640000446169737920697300
:10416000206F6E6C696E65003D3D3D3D3D3D3D3DC2
:104170003D3D3D3D3D3D3D00060000000C00000082
:1041800012000000180000000001000006010000FD
:104190000C010000120100001801000000020000E4
:1041A000060200000C0200001202000018020000CB
:1041B00000030000060300000002030000000000EE
:1041C00001000000000000000000FA4500007A46EF
:1041D0000000FA4600803B470080BB470002010216
:1041E000456C656374726F736D69746800000000DC
:1041F00044616973792053656564204578746572FC
:104200006E616C0043444320436F6E666967000033
:1042100043444320496E7465726661636500000023
:1042200044616973792053656564204275696C74D3
:1042300020496E0000020102010002000400080093
:10424000100020004000800000010002000400086F
:1042500000100020004000800000025800040258B6
:1042600000080258000C02580010025800140258AE
:1042700000180258001C025800200258002402585E
:104280000028025800000000000610160006101654
:104290004552524F523A2000496E76616C69642053
:1042A0004465766963652068616E646C6500000032
:1042B000496E76616C696420436C61737320686138
:1042C0006E646C65000000000B00FF00C40200205B
:1042D000AC020020B80200207C020020E80200208E
:1042E000D0020020DC020020880200200C03002005
:1042F000F402002000030020940200200C50002053
:10430000F44F002000500020DC4F002030500020EF
:104310001850002024500020E84F002030030020D7
:104320001803002024030020A00200200000000049
:1043300001020304010203040607080901808080CA
:104340008080808004808080808080800880808061
:10435000808080801080808080808080208080802D
:104360008080808040000000000408102040000091
:104370000204081020400000A8050020494E460015
:10438000696E66004E414E006E616E003000303145
:1043900032333435363738394142434445460030AC
:1043A00031323334353637383961626364656600DB
:1043B000496E66696E697479004E614E00524545DA
:1043C0004E54206D616C6C6F63207375636365651B
:1043D000646564002F746D702F6A656E6B696E730F
:1043E0002D4743432D31302D706970656C696E65C2
:1043F0002D3333385F32303231313031385F31363E
:1044000033343531363139352F7372632F6E65771A
:104410006C69622F6E65776C69622F6C6962632FBD
:104420007374646C69622F64746F612E63004261FF
:104430006C6C6F632073756363656564656400000D
:10444000000000000000000000000000000000006C
:10445000000000000000000000000000000000005C
:10446000000000000000000000000000000000004C
:10447000000000000000000000000000000000003C
:10448000000000000000000000000000000000002C
:10449000000000000000000000000000000000001C
:1044A0002F746D702F6A656E6B696E732D47434371
:1044B0002D31302D706970656C696E652D33333820
:1044C0005F32303231313031385F3136333435316B
:1044D000363139352F7372632F6E65776C69622FB1
:1044E0006E65776C69622F6C6962632F7374646C9C
:1044F00069622F6D707265632E630000000000001A
:104500000080E03779C34143176E05B5B5B89346CF
:10451000F5F93FE9034F384D321D30F94877825A9B
:104520003CBF737FDD4F1575000000000000F03FB9
:10453000000000000000244000000000000059407E
:104540000000000000408F40000000000088C340D1
:1045500000000000006AF8400000000080842E4146
:1045600000000000D01263410000000084D7974192
:104570000000000065CDCD41000000205FA0024298
:10458000000000E876483742000000A2941A6D420D
:10459000000040E59C30A2420000901EC4BCD64200
:1045A00000003426F56B0C430080E03779C34143AB
:1045B00000A0D8855734764300C84E676DC1AB4321
:1045C000003D9160E458E143408CB5781DAF15443F
:1045D00050EFE2D6E41A4B4492D54D06CFF080441A
:1045E000F64AE1C7022DB544B49DD9794378EA442F
:1045F00005000000190000007D000000232D302B75
:104600002000686C4C00656667454647002C2066B4
:10461000756E6374696F6E3A2000617373657274AE
:10462000696F6E2022257322206661696C65643A89
:104630002066696C6520222573222C206C696E65CA
:10464000202564257325730A004300504F534958B1
:10465000002E000020202020202020202028282894
:10466000282820202020202020202020202020203A
:104670002020202088101010101010101010101082
:1046800010101010040404040404040404041010A2
:10469000101010101041414141414101010101013F
:1046A00001010101010101010101010101010110EB
:1046B0001010101010424242424242020202020214
:1046C00002020202020202020202020202020210BC
:1046D000101010200000000000000000000000008A
:1046E00000000000000000000000000000000000CA
:1046F00000000000000000000000000000000000BA
:1047000000000000000000000000000000000000A9
:104710000000000000000000000000000000000099
:104720000000000000000000000000000000000089
:104730000000000000000000000000000000000079
:104740000000000000000000000000000000000069
:1047500000000000F8B500BFF8BC08BC9E467047DA
:0C476000F8B500BFF8BC08BC9E467047CE
:08476C0054BCFE7F01000000B7
:10477400C5020024E10700246D110024E112002485
:10478400312300245D290024893300242DD30024FF
:0847940025D8002475E400247F
:04479C00A102002452
:1047A00000000000100000000000000000000000F9
:1047B00000000000000000000000000010000000E9
:1047C00000000000000000000000000000000000E9
:1047D00000000000100000000000000000000000C9
:1047E000000000000000000000000000053400246C
:1047F000A93300247D340024AD3300244134002447
:10480000E5340024B1340024D933002400C201006F
:104810000000080000C2010000000800193900244F
:104820002539002431390024A1390024E539002438
:1048300069390024853900240D390024BD3900244C
:10484000C93900244D390024093B0024493C002487
:104850002D3C002412010002020200408304405754
:1048600000020102030100001201000202020040E6
:1048700083044057000201020301000004030904FD
:104880001A0300000000000000000000000000000B
:104890000000000000000000000001001000000007
:1048A000C5BC002481BC0024B5BB0024000000006E
:1048B0008DBA002465BB002435BB00240000000035
:1048C0000000000000000000DDBA0024B9BA002496
:1048D00001BB002425BB00240000000009024300A6
:1048E000020100C032090400000102020100052497
:1048F0000010010524010001042402020524060021
:10490000010705820308001009040100020A0000E3
:104910000007050102400000070581024000000079
:1049200009024300020100C0320904000001020232
:1049300001000524001001052401000104240202E5
:104940000524060001070582030800100904010080
:10495000020A0000000705010200020007058102AB
:10496000000200000A0600020000004001000000F2
:1049700009074300020104C03209040000010202D9
:104980000100052400100105240100010424020295
:104990000524060001070582030800100904010030
:1049A000020A00000007050102400000070581021D
:1049B0004000000009026500020100C05009040027
:1049C00000000101000009240100010900010109A2
:1049D0000401000201030000072401000141000658
:1049E000240201010006240202020009240301033B
:1049F0000102010009240302060101010009050169
:104A00000240000000000525010101090581024066
:104A1000000000000525010103000000060A050052
:104A20000405000000000000010C05010407010955
:104A30000500000000040600000000000000000067
:104A40000004080000000000000000000104050050
:104A50000605060905000000010505000705000020
:104A600000000000060B0500050500000000000026
:104A7000010E050202050000000000000201050110
:104A80000F050203050000000303050000000000FD
:104A900000000000020B06010406000000000000F8
:104AA000020C06010507000000000000020A0600D3
:104AB00000000000000000000104080006080000DB
:104AC00000000000010508000708000000000000C9
:104AD00000050800000000000000000000000000C9
:104AE00000000000000000000000000000000000C6
:104AF00000000000010000000000000000000000B5
:104B000000000000000000000000000000000000A5
:104B10000100000000000000000000000000000094
:104B20000000000000000000000000000100000084
:104B30000000000000000000000000000000000075
:104B40000000000000000000010000000000000064
:104B50000000000000000000000000000000000055
:104B60000000000001000000000000000000000044
:104B70000000000000000000000000000000000035
:104B80000100000000000000000000000000000024
:104B90000000000000000000000000000100000014
:104BA0000000000000000000000000000000000005
:104BB00000000000000000000100000000000000F4
:104BC00000000000000000000000000000000000E5
:104BD00000000000010000000000000000000000D4
:104BE00000000000000000000000000000000000C5
:104BF00001000000000000000000000000000000B4
:104C000000000000000000000000000001000000A3
:104C10000000000000000000000000000000000094
:104C20000000000000000000010000000000000083
:104C30000000000000000000000000000000000074
:104C40000000000001000000010708000000000053
:104C50000000000001060800000000000000000045
:104C60000B00FF0054050020480500206C050020C3
:104C7000600500208405002078050020180500202C
:104C80000C050020300500202405002008610020CC
:104C9000900500203C050020E4600020FC6000201E
:104CA000F0600020B4040020A804002001080802DD
:104CB0000B08000108000000010908020A080000B2
:104CC00008000000010C0E03020801050E000000A0
:104CD000020C0801060E00000000000001040B0099
:104CE0000000000000000000010707010F040000A1
:104CF00000000000010607010E0400000000000093
:104D00000003070000000000000000000002070090
:104D10000000000000000000020B0700000000007F
:104D200000000000020A0700000000000000000070
:104D30000609070000000000000000000090D003FA
:104D40000090D003A805002000000000604401246A
:104D500080440124404401240000000000000000C1
:104D60000000000000000000000000000000000043
:104D70000000000000000000000000000000000033
:104D80000000000000000000000000000000000023
:104D90000000000000000000000000000000000013
:104DA00000000000000000004300000000000000C0
:104DB00000000000000000000000000000000000F3
:104DC00000000000000000004300000000000000A0
:104DD00000000000000000000000000000000000D3
:104DE0000000000000000000430000000000000080
:104DF00000000000000000000000000000000000B3
:104E0000000000000000000043000000000000005F
:104E10000000000000000000000000000000000092
:104E2000000000000000000043000000000000003F
:104E30000000000000000000000000000000000072
:104E4000000000000000000043000000000000001F
:104E50000000000000000000000000000000000052
:104E600000000000000000004300000000000000FF
:104E70000000000000000000000000000000000032
:104E80000000000000000000E53F0124093F01246C
:104E900000000000534601245146012448460124E5
:104EA0004846012448460124484601244846012436
:104EB0004846012448460124484601244846012426
:104EC000FFFFFFFFFFFFFFFFFFFFFFFFFFFF0000F0
:104ED0000100415343494900000000000000000068
:104EE00000000000000000000000000000000000C2
:104EF0000000415343494900000000000000000049
:104F000000000000000000000000000000000000A1
:044F1000000000009D
:040000052400069934
:00000001FF
